"";"post_code";"muni_name"
"1";"00100";"Helsinki"
"2";"00120";"Helsinki"
"3";"00130";"Helsinki"
"4";"00140";"Helsinki"
"5";"00150";"Helsinki"
"6";"00160";"Helsinki"
"7";"00170";"Helsinki"
"8";"00180";"Helsinki"
"9";"00190";"Helsinki"
"10";"00200";"Helsinki"
"11";"00210";"Helsinki"
"12";"00220";"Helsinki"
"13";"00230";"Helsinki"
"14";"00240";"Helsinki"
"15";"00250";"Helsinki"
"16";"00260";"Helsinki"
"17";"00270";"Helsinki"
"18";"00280";"Helsinki"
"19";"00290";"Helsinki"
"20";"00300";"Helsinki"
"21";"00310";"Helsinki"
"22";"00320";"Helsinki"
"23";"00330";"Helsinki"
"24";"00340";"Helsinki"
"25";"00350";"Helsinki"
"26";"00360";"Helsinki"
"27";"00370";"Helsinki"
"28";"00380";"Helsinki"
"29";"00390";"Helsinki"
"30";"00400";"Helsinki"
"31";"00410";"Helsinki"
"32";"00420";"Helsinki"
"33";"00430";"Helsinki"
"34";"00440";"Helsinki"
"35";"00500";"Helsinki"
"36";"00510";"Helsinki"
"37";"00520";"Helsinki"
"38";"00530";"Helsinki"
"39";"00540";"Helsinki"
"40";"00550";"Helsinki"
"41";"00560";"Helsinki"
"42";"00570";"Helsinki"
"43";"00580";"Helsinki"
"44";"00590";"Helsinki"
"45";"00600";"Helsinki"
"46";"00610";"Helsinki"
"47";"00620";"Helsinki"
"48";"00630";"Helsinki"
"49";"00640";"Helsinki"
"50";"00650";"Helsinki"
"51";"00660";"Helsinki"
"52";"00670";"Helsinki"
"53";"00680";"Helsinki"
"54";"00690";"Helsinki"
"55";"00700";"Helsinki"
"56";"00710";"Helsinki"
"57";"00720";"Helsinki"
"58";"00730";"Helsinki"
"59";"00740";"Helsinki"
"60";"00750";"Helsinki"
"61";"00760";"Helsinki"
"62";"00770";"Helsinki"
"63";"00780";"Helsinki"
"64";"00790";"Helsinki"
"65";"00800";"Helsinki"
"66";"00810";"Helsinki"
"67";"00820";"Helsinki"
"68";"00830";"Helsinki"
"69";"00840";"Helsinki"
"70";"00850";"Helsinki"
"71";"00860";"Helsinki"
"72";"00870";"Helsinki"
"73";"00880";"Helsinki"
"74";"00890";"Helsinki"
"75";"00900";"Helsinki"
"76";"00910";"Helsinki"
"77";"00920";"Helsinki"
"78";"00930";"Helsinki"
"79";"00940";"Helsinki"
"80";"00950";"Helsinki"
"81";"00960";"Helsinki"
"82";"00970";"Helsinki"
"83";"00980";"Helsinki"
"84";"00990";"Helsinki"
"85";"01120";"Sipoo"
"86";"01150";"Sipoo"
"87";"01180";"Porvoo"
"88";"01190";"Sipoo"
"89";"01200";"Vantaa"
"90";"01230";"Vantaa"
"91";"01260";"Vantaa"
"92";"01280";"Vantaa"
"93";"01300";"Vantaa"
"94";"01340";"Vantaa"
"95";"01350";"Vantaa"
"96";"01360";"Vantaa"
"97";"01370";"Vantaa"
"98";"01380";"Vantaa"
"99";"01390";"Vantaa"
"100";"01400";"Vantaa"
"101";"01420";"Vantaa"
"102";"01450";"Vantaa"
"103";"01480";"Vantaa"
"104";"01490";"Vantaa"
"105";"01510";"Vantaa"
"106";"01520";"Vantaa"
"107";"01530";"Vantaa"
"108";"01600";"Vantaa"
"109";"01610";"Vantaa"
"110";"01620";"Vantaa"
"111";"01630";"Vantaa"
"112";"01640";"Vantaa"
"113";"01650";"Vantaa"
"114";"01660";"Vantaa"
"115";"01670";"Vantaa"
"116";"01680";"Vantaa"
"117";"01690";"Vantaa"
"118";"01700";"Vantaa"
"119";"01710";"Vantaa"
"120";"01720";"Vantaa"
"121";"01730";"Vantaa"
"122";"01740";"Vantaa"
"123";"01750";"Vantaa"
"124";"01760";"Vantaa"
"125";"01770";"Vantaa"
"126";"01800";"Nurmijärvi"
"127";"01810";"Nurmijärvi"
"128";"01820";"Nurmijärvi"
"129";"01830";"Nurmijärvi"
"130";"01840";"Nurmijärvi"
"131";"01860";"Nurmijärvi"
"132";"01900";"Nurmijärvi"
"133";"01940";"Nurmijärvi"
"134";"02100";"Espoo"
"135";"02110";"Espoo"
"136";"02120";"Espoo"
"137";"02130";"Espoo"
"138";"02140";"Espoo"
"139";"02150";"Espoo"
"140";"02160";"Espoo"
"141";"02170";"Espoo"
"142";"02180";"Espoo"
"143";"02200";"Espoo"
"144";"02210";"Espoo"
"145";"02230";"Espoo"
"146";"02240";"Espoo"
"147";"02250";"Espoo"
"148";"02260";"Espoo"
"149";"02270";"Espoo"
"150";"02280";"Espoo"
"151";"02290";"Espoo"
"152";"02300";"Espoo"
"153";"02320";"Espoo"
"154";"02330";"Espoo"
"155";"02340";"Espoo"
"156";"02360";"Espoo"
"157";"02380";"Espoo"
"158";"02390";"Kirkkonummi"
"159";"02400";"Kirkkonummi"
"160";"02410";"Kirkkonummi"
"161";"02420";"Kirkkonummi"
"162";"02430";"Kirkkonummi"
"163";"02440";"Kirkkonummi"
"164";"02450";"Kirkkonummi"
"165";"02460";"Kirkkonummi"
"166";"02470";"Kirkkonummi"
"167";"02480";"Kirkkonummi"
"168";"02490";"Siuntio"
"169";"02510";"Kirkkonummi"
"170";"02520";"Kirkkonummi"
"171";"02540";"Kirkkonummi"
"172";"02550";"Kirkkonummi"
"173";"02570";"Siuntio"
"174";"02580";"Siuntio"
"175";"02590";"Siuntio"
"176";"02600";"Espoo"
"177";"02610";"Espoo"
"178";"02620";"Espoo"
"179";"02630";"Espoo"
"180";"02650";"Espoo"
"181";"02660";"Espoo"
"182";"02680";"Espoo"
"183";"02700";"Kauniainen"
"184";"02710";"Espoo"
"185";"02720";"Espoo"
"186";"02730";"Espoo"
"187";"02740";"Espoo"
"188";"02750";"Espoo"
"189";"02760";"Espoo"
"190";"02770";"Espoo"
"191";"02780";"Espoo"
"192";"02810";"Espoo"
"193";"02820";"Espoo"
"194";"02860";"Espoo"
"195";"02880";"Kirkkonummi"
"196";"02920";"Espoo"
"197";"02940";"Espoo"
"198";"02970";"Espoo"
"199";"02980";"Espoo"
"200";"03100";"Vihti"
"201";"03150";"Vihti"
"202";"03220";"Vihti"
"203";"03250";"Vihti"
"204";"03300";"Vihti"
"205";"03320";"Vihti"
"206";"03400";"Vihti"
"207";"03430";"Vihti"
"208";"03600";"Karkkila"
"209";"03620";"Karkkila"
"210";"03710";"Karkkila"
"211";"03790";"Vihti"
"212";"03810";"Lohja"
"213";"03850";"Lohja"
"214";"03870";"Lohja"
"215";"04130";"Sipoo"
"216";"04150";"Sipoo"
"217";"04170";"Sipoo"
"218";"04200";"Kerava"
"219";"04220";"Kerava"
"220";"04230";"Kerava"
"221";"04240";"Sipoo"
"222";"04250";"Kerava"
"223";"04260";"Kerava"
"224";"04300";"Tuusula"
"225";"04310";"Tuusula"
"226";"04320";"Tuusula"
"227";"04330";"Tuusula"
"228";"04340";"Tuusula"
"229";"04350";"Tuusula"
"230";"04360";"Tuusula"
"231";"04370";"Tuusula"
"232";"04380";"Tuusula"
"233";"04390";"Tuusula"
"234";"04400";"Järvenpää"
"235";"04410";"Järvenpää"
"236";"04420";"Järvenpää"
"237";"04430";"Järvenpää"
"238";"04440";"Järvenpää"
"239";"04460";"Järvenpää"
"240";"04480";"Mäntsälä"
"241";"04500";"Tuusula"
"242";"04530";"Mäntsälä"
"243";"04600";"Mäntsälä"
"244";"04620";"Mäntsälä"
"245";"04630";"Mäntsälä"
"246";"04660";"Mäntsälä"
"247";"04680";"Mäntsälä"
"248";"04740";"Mäntsälä"
"249";"04770";"Mäntsälä"
"250";"04820";"Mäntsälä"
"251";"04840";"Mäntsälä"
"252";"04920";"Mäntsälä"
"253";"04940";"Mäntsälä"
"254";"05100";"Nurmijärvi"
"255";"05200";"Nurmijärvi"
"256";"05250";"Nurmijärvi"
"257";"05400";"Tuusula"
"258";"05430";"Tuusula"
"259";"05440";"Hyvinkää"
"260";"05450";"Nurmijärvi"
"261";"05460";"Hyvinkää"
"262";"05470";"Hyvinkää"
"263";"05510";"Hyvinkää"
"264";"05620";"Hyvinkää"
"265";"05720";"Hyvinkää"
"266";"05800";"Hyvinkää"
"267";"05810";"Hyvinkää"
"268";"05820";"Hyvinkää"
"269";"05830";"Hyvinkää"
"270";"05840";"Hyvinkää"
"271";"05850";"Hyvinkää"
"272";"05860";"Hyvinkää"
"273";"05880";"Hyvinkää"
"274";"05900";"Hyvinkää"
"275";"05950";"Hyvinkää"
"276";"06100";"Porvoo"
"277";"06150";"Porvoo"
"278";"06200";"Porvoo"
"279";"06400";"Porvoo"
"280";"06450";"Porvoo"
"281";"06500";"Porvoo"
"282";"06530";"Porvoo"
"283";"06650";"Porvoo"
"284";"06750";"Porvoo"
"285";"06830";"Porvoo"
"286";"06850";"Porvoo"
"287";"06880";"Sipoo"
"288";"06950";"Porvoo"
"289";"07110";"Porvoo"
"290";"07130";"Porvoo"
"291";"07150";"Pornainen"
"292";"07170";"Pornainen"
"293";"07190";"Pornainen"
"294";"07220";"Porvoo"
"295";"07230";"Askola"
"296";"07280";"Porvoo"
"297";"07310";"Porvoo"
"298";"07320";"Porvoo"
"299";"07350";"Porvoo"
"300";"07360";"Porvoo"
"301";"07370";"Porvoo"
"302";"07390";"Porvoo"
"303";"07410";"Porvoo"
"304";"07450";"Porvoo"
"305";"07500";"Askola"
"306";"07510";"Askola"
"307";"07530";"Askola"
"308";"07550";"Pukkila"
"309";"07560";"Pukkila"
"310";"07565";"Pukkila"
"311";"07580";"Askola"
"312";"07590";"Askola"
"313";"07600";"Myrskylä"
"314";"07680";"Askola"
"315";"07690";"Myrskylä"
"316";"07700";"Loviisa"
"317";"07720";"Loviisa"
"318";"07740";"Loviisa"
"319";"07750";"Loviisa"
"320";"07780";"Loviisa"
"321";"07800";"Lapinjärvi"
"322";"07810";"Lapinjärvi"
"323";"07820";"Lapinjärvi"
"324";"07830";"Lapinjärvi"
"325";"07840";"Lapinjärvi"
"326";"07850";"Lapinjärvi"
"327";"07870";"Loviisa"
"328";"07880";"Loviisa"
"329";"07890";"Loviisa"
"330";"07900";"Loviisa"
"331";"07910";"Loviisa"
"332";"07920";"Loviisa"
"333";"07930";"Loviisa"
"334";"07940";"Loviisa"
"335";"07945";"Loviisa"
"336";"07955";"Loviisa"
"337";"07960";"Loviisa"
"338";"07970";"Loviisa"
"339";"07980";"Loviisa"
"340";"07990";"Loviisa"
"341";"08100";"Lohja"
"342";"08150";"Lohja"
"343";"08200";"Lohja"
"344";"08350";"Lohja"
"345";"08360";"Lohja"
"346";"08450";"Lohja"
"347";"08480";"Lohja"
"348";"08500";"Lohja"
"349";"08680";"Lohja"
"350";"08700";"Lohja"
"351";"08800";"Lohja"
"352";"09120";"Lohja"
"353";"09220";"Lohja"
"354";"09430";"Lohja"
"355";"09520";"Lohja"
"356";"09630";"Lohja"
"357";"09810";"Lohja"
"358";"09930";"Lohja"
"359";"10120";"Inkoo"
"360";"10140";"Inkoo"
"361";"10160";"Inkoo"
"362";"10210";"Inkoo"
"363";"10230";"Inkoo"
"364";"10250";"Inkoo"
"365";"10270";"Inkoo"
"366";"10300";"Raasepori"
"367";"10320";"Raasepori"
"368";"10330";"Raasepori"
"369";"10350";"Raasepori"
"370";"10360";"Raasepori"
"371";"10380";"Raasepori"
"372";"10410";"Raasepori"
"373";"10420";"Raasepori"
"374";"10440";"Raasepori"
"375";"10470";"Raasepori"
"376";"10480";"Raasepori"
"377";"10520";"Raasepori"
"378";"10570";"Raasepori"
"379";"10600";"Raasepori"
"380";"10620";"Raasepori"
"381";"10640";"Raasepori"
"382";"10650";"Raasepori"
"383";"10660";"Raasepori"
"384";"10680";"Raasepori"
"385";"10710";"Raasepori"
"386";"10820";"Hanko"
"387";"10900";"Hanko"
"388";"10940";"Hanko"
"389";"10960";"Hanko"
"390";"11100";"Riihimäki"
"391";"11120";"Riihimäki"
"392";"11130";"Riihimäki"
"393";"11310";"Riihimäki"
"394";"11710";"Riihimäki"
"395";"11910";"Janakkala"
"396";"12100";"Hausjärvi"
"397";"12130";"Hausjärvi"
"398";"12170";"Hausjärvi"
"399";"12210";"Hausjärvi"
"400";"12240";"Hausjärvi"
"401";"12310";"Hausjärvi"
"402";"12350";"Hausjärvi"
"403";"12380";"Janakkala"
"404";"12400";"Janakkala"
"405";"12450";"Janakkala"
"406";"12520";"Loppi"
"407";"12540";"Loppi"
"408";"12600";"Loppi"
"409";"12630";"Loppi"
"410";"12640";"Loppi"
"411";"12700";"Loppi"
"412";"12750";"Loppi"
"413";"12820";"Loppi"
"414";"12920";"Loppi"
"415";"12950";"Loppi"
"416";"13100";"Hämeenlinna"
"417";"13110";"Hämeenlinna"
"418";"13130";"Hämeenlinna"
"419";"13200";"Hämeenlinna"
"420";"13210";"Hämeenlinna"
"421";"13220";"Hämeenlinna"
"422";"13250";"Hämeenlinna"
"423";"13270";"Hämeenlinna"
"424";"13300";"Hämeenlinna"
"425";"13330";"Janakkala"
"426";"13430";"Hämeenlinna"
"427";"13500";"Hämeenlinna"
"428";"13530";"Hämeenlinna"
"429";"13600";"Hämeenlinna"
"430";"13700";"Hattula"
"431";"13720";"Hattula"
"432";"13800";"Hattula"
"433";"13880";"Hattula"
"434";"13900";"Hattula"
"435";"14140";"Janakkala"
"436";"14200";"Janakkala"
"437";"14240";"Janakkala"
"438";"14300";"Hämeenlinna"
"439";"14430";"Hattula"
"440";"14450";"Hämeenlinna"
"441";"14500";"Hämeenlinna"
"442";"14530";"Hattula"
"443";"14610";"Hattula"
"444";"14620";"Hattula"
"445";"14680";"Hämeenlinna"
"446";"14690";"Hämeenlinna"
"447";"14700";"Hämeenlinna"
"448";"14770";"Hämeenlinna"
"449";"14810";"Hämeenlinna"
"450";"14820";"Hämeenlinna"
"451";"14840";"Hämeenlinna"
"452";"14870";"Hämeenlinna"
"453";"14930";"Hämeenlinna"
"454";"14960";"Pälkäne"
"455";"14980";"Pälkäne"
"456";"15100";"Lahti"
"457";"15110";"Lahti"
"458";"15140";"Lahti"
"459";"15150";"Lahti"
"460";"15160";"Lahti"
"461";"15170";"Lahti"
"462";"15200";"Lahti"
"463";"15210";"Lahti"
"464";"15230";"Lahti"
"465";"15240";"Lahti"
"466";"15270";"Hollola"
"467";"15300";"Lahti"
"468";"15320";"Lahti"
"469";"15340";"Lahti"
"470";"15460";"Lahti"
"471";"15500";"Lahti"
"472";"15520";"Lahti"
"473";"15540";"Lahti"
"474";"15550";"Lahti"
"475";"15560";"Lahti"
"476";"15580";"Lahti"
"477";"15610";"Lahti"
"478";"15680";"Lahti"
"479";"15700";"Hollola"
"480";"15800";"Lahti"
"481";"15810";"Lahti"
"482";"15820";"Hollola"
"483";"15830";"Lahti"
"484";"15840";"Lahti"
"485";"15850";"Lahti"
"486";"15860";"Hollola"
"487";"15870";"Hollola"
"488";"15880";"Hollola"
"489";"15900";"Lahti"
"490";"15950";"Lahti"
"491";"15980";"Hollola"
"492";"16100";"Lahti"
"493";"16160";"Lahti"
"494";"16200";"Orimattila"
"495";"16230";"Orimattila"
"496";"16260";"Orimattila"
"497";"16270";"Orimattila"
"498";"16280";"Orimattila"
"499";"16300";"Orimattila"
"500";"16310";"Orimattila"
"501";"16320";"Orimattila"
"502";"16330";"Orimattila"
"503";"16350";"Orimattila"
"504";"16390";"Orimattila"
"505";"16450";"Orimattila"
"506";"16500";"Hollola"
"507";"16510";"Orimattila"
"508";"16540";"Kärkölä"
"509";"16600";"Kärkölä"
"510";"16610";"Kärkölä"
"511";"16630";"Hollola"
"512";"16670";"Kärkölä"
"513";"16710";"Hollola"
"514";"16730";"Hollola"
"515";"16790";"Hollola"
"516";"16800";"Hollola"
"517";"16900";"Hämeenlinna"
"518";"16960";"Hämeenlinna"
"519";"16970";"Hämeenlinna"
"520";"17110";"Hollola"
"521";"17120";"Hollola"
"522";"17130";"Asikkala"
"523";"17150";"Asikkala"
"524";"17200";"Asikkala"
"525";"17220";"Asikkala"
"526";"17240";"Asikkala"
"527";"17320";"Asikkala"
"528";"17410";"Asikkala"
"529";"17430";"Asikkala"
"530";"17440";"Asikkala"
"531";"17450";"Asikkala"
"532";"17470";"Padasjoki"
"533";"17500";"Padasjoki"
"534";"17510";"Padasjoki"
"535";"17530";"Padasjoki"
"536";"17610";"Padasjoki"
"537";"17630";"Padasjoki"
"538";"17710";"Padasjoki"
"539";"17740";"Padasjoki"
"540";"17780";"Kuhmoinen"
"541";"17800";"Kuhmoinen"
"542";"17840";"Kuhmoinen"
"543";"17850";"Kuhmoinen"
"544";"17870";"Kuhmoinen"
"545";"17930";"Kuhmoinen"
"546";"17950";"Kuhmoinen"
"547";"17970";"Kuhmoinen"
"548";"18100";"Heinola"
"549";"18120";"Heinola"
"550";"18130";"Heinola"
"551";"18150";"Heinola"
"552";"18200";"Heinola"
"553";"18300";"Heinola"
"554";"18600";"Heinola"
"555";"19110";"Heinola"
"556";"19120";"Heinola"
"557";"19160";"Iitti"
"558";"19210";"Heinola"
"559";"19230";"Sysmä"
"560";"19250";"Heinola"
"561";"19260";"Heinola"
"562";"19310";"Sysmä"
"563";"19320";"Sysmä"
"564";"19370";"Sysmä"
"565";"19410";"Pertunmaa"
"566";"19420";"Pertunmaa"
"567";"19430";"Pertunmaa"
"568";"19460";"Pertunmaa"
"569";"19470";"Pertunmaa"
"570";"19480";"Pertunmaa"
"571";"19510";"Hartola"
"572";"19540";"Hartola"
"573";"19600";"Hartola"
"574";"19610";"Hartola"
"575";"19620";"Hartola"
"576";"19630";"Hartola"
"577";"19650";"Joutsa"
"578";"19670";"Joutsa"
"579";"19700";"Sysmä"
"580";"19730";"Sysmä"
"581";"19740";"Sysmä"
"582";"19770";"Sysmä"
"583";"19850";"Hartola"
"584";"19910";"Luhanka"
"585";"19920";"Joutsa"
"586";"19950";"Luhanka"
"587";"20100";"Turku"
"588";"20200";"Turku"
"589";"20210";"Turku"
"590";"20240";"Turku"
"591";"20250";"Turku"
"592";"20300";"Turku"
"593";"20320";"Turku"
"594";"20360";"Turku"
"595";"20380";"Turku"
"596";"20400";"Turku"
"597";"20460";"Turku"
"598";"20500";"Turku"
"599";"20520";"Turku"
"600";"20540";"Turku"
"601";"20610";"Turku"
"602";"20660";"Kaarina"
"603";"20700";"Turku"
"604";"20720";"Turku"
"605";"20730";"Turku"
"606";"20740";"Turku"
"607";"20750";"Turku"
"608";"20760";"Kaarina"
"609";"20780";"Kaarina"
"610";"20800";"Turku"
"611";"20810";"Turku"
"612";"20880";"Turku"
"613";"20900";"Turku"
"614";"20960";"Turku"
"615";"21100";"Naantali"
"616";"21110";"Naantali"
"617";"21120";"Raisio"
"618";"21130";"Naantali"
"619";"21140";"Naantali"
"620";"21150";"Naantali"
"621";"21160";"Naantali"
"622";"21180";"Naantali"
"623";"21195";"Naantali"
"624";"21200";"Raisio"
"625";"21210";"Raisio"
"626";"21220";"Raisio"
"627";"21230";"Masku"
"628";"21240";"Masku"
"629";"21250";"Masku"
"630";"21260";"Raisio"
"631";"21270";"Nousiainen"
"632";"21280";"Raisio"
"633";"21290";"Rusko"
"634";"21310";"Rusko"
"635";"21330";"Turku"
"636";"21340";"Turku"
"637";"21350";"Lieto"
"638";"21360";"Lieto"
"639";"21370";"Aura"
"640";"21380";"Aura"
"641";"21410";"Lieto"
"642";"21420";"Lieto"
"643";"21430";"Lieto"
"644";"21450";"Lieto"
"645";"21480";"Marttila"
"646";"21490";"Marttila"
"647";"21500";"Kaarina"
"648";"21510";"Paimio"
"649";"21520";"Paimio"
"650";"21530";"Paimio"
"651";"21540";"Paimio"
"652";"21555";"Paimio"
"653";"21560";"Marttila"
"654";"21570";"Sauvo"
"655";"21590";"Sauvo"
"656";"21600";"Parainen"
"657";"21610";"Parainen"
"658";"21620";"Kaarina"
"659";"21630";"Parainen"
"660";"21650";"Parainen"
"661";"21660";"Parainen"
"662";"21670";"Parainen"
"663";"21680";"Parainen"
"664";"21710";"Parainen"
"665";"21720";"Parainen"
"666";"21740";"Parainen"
"667";"21750";"Parainen"
"668";"21760";"Parainen"
"669";"21770";"Parainen"
"670";"21800";"Pöytyä"
"671";"21820";"Pöytyä"
"672";"21840";"Pöytyä"
"673";"21860";"Pöytyä"
"674";"21870";"Pöytyä"
"675";"21880";"Pöytyä"
"676";"21890";"Pöytyä"
"677";"21900";"Pöytyä"
"678";"21930";"Pöytyä"
"679";"22100";"Maarianhamina - Mariehamn"
"680";"22120";"Jomala"
"681";"22130";"Jomala"
"682";"22140";"Jomala"
"683";"22150";"Jomala"
"684";"22160";"Lemland"
"685";"22220";"Finström"
"686";"22240";"Hammarland"
"687";"22270";"Eckerö"
"688";"22310";"Finström"
"689";"22320";"Saltvik"
"690";"22330";"Finström"
"691";"22340";"Geta"
"692";"22410";"Finström"
"693";"22430";"Saltvik"
"694";"22520";"Sund"
"695";"22530";"Sund"
"696";"22550";"Vårdö"
"697";"22610";"Lemland"
"698";"22630";"Lumparland"
"699";"22710";"Föglö"
"700";"22720";"Sottunga"
"701";"22730";"Kökar"
"702";"22810";"Kumlinge"
"703";"22820";"Kumlinge"
"704";"22830";"Kumlinge"
"705";"22840";"Brändö"
"706";"22910";"Brändö"
"707";"22920";"Brändö"
"708";"22930";"Brändö"
"709";"22940";"Brändö"
"710";"22950";"Brändö"
"711";"23100";"Mynämäki"
"712";"23120";"Mynämäki"
"713";"23140";"Mynämäki"
"714";"23200";"Vehmaa"
"715";"23210";"Vehmaa"
"716";"23260";"Vehmaa"
"717";"23310";"Taivassalo"
"718";"23360";"Kustavi"
"719";"23390";"Parainen"
"720";"23450";"Uusikaupunki"
"721";"23500";"Uusikaupunki"
"722";"23600";"Uusikaupunki"
"723";"23660";"Uusikaupunki"
"724";"23800";"Laitila"
"725";"23840";"Laitila"
"726";"23880";"Laitila"
"727";"23930";"Uusikaupunki"
"728";"23950";"Pyhäranta"
"729";"23960";"Pyhäranta"
"730";"24100";"Salo"
"731";"24130";"Salo"
"732";"24240";"Salo"
"733";"24260";"Salo"
"734";"24280";"Salo"
"735";"24800";"Salo"
"736";"24910";"Salo"
"737";"25110";"Salo"
"738";"25130";"Salo"
"739";"25160";"Salo"
"740";"25170";"Salo"
"741";"25180";"Salo"
"742";"25190";"Salo"
"743";"25210";"Salo"
"744";"25230";"Salo"
"745";"25240";"Salo"
"746";"25250";"Salo"
"747";"25260";"Salo"
"748";"25320";"Salo"
"749";"25330";"Salo"
"750";"25340";"Salo"
"751";"25360";"Salo"
"752";"25370";"Salo"
"753";"25380";"Salo"
"754";"25390";"Salo"
"755";"25410";"Salo"
"756";"25420";"Salo"
"757";"25430";"Salo"
"758";"25460";"Salo"
"759";"25470";"Salo"
"760";"25500";"Salo"
"761";"25520";"Salo"
"762";"25540";"Salo"
"763";"25550";"Salo"
"764";"25560";"Salo"
"765";"25570";"Salo"
"766";"25610";"Salo"
"767";"25630";"Salo"
"768";"25640";"Salo"
"769";"25650";"Kemiönsaari"
"770";"25660";"Salo"
"771";"25700";"Kemiönsaari"
"772";"25710";"Kemiönsaari"
"773";"25730";"Kemiönsaari"
"774";"25760";"Kemiönsaari"
"775";"25810";"Kemiönsaari"
"776";"25820";"Kemiönsaari"
"777";"25830";"Kemiönsaari"
"778";"25840";"Kemiönsaari"
"779";"25860";"Kemiönsaari"
"780";"25870";"Kemiönsaari"
"781";"25900";"Kemiönsaari"
"782";"25910";"Kemiönsaari"
"783";"25930";"Kemiönsaari"
"784";"25940";"Kemiönsaari"
"785";"25950";"Kemiönsaari"
"786";"25960";"Kemiönsaari"
"787";"26100";"Rauma"
"788";"26200";"Rauma"
"789";"26410";"Rauma"
"790";"26510";"Rauma"
"791";"26560";"Rauma"
"792";"26660";"Rauma"
"793";"26720";"Rauma"
"794";"26740";"Rauma"
"795";"26820";"Rauma"
"796";"26840";"Rauma"
"797";"26910";"Rauma"
"798";"26930";"Rauma"
"799";"26950";"Rauma"
"800";"27100";"Eurajoki"
"801";"27110";"Eurajoki"
"802";"27130";"Eurajoki"
"803";"27150";"Eurajoki"
"804";"27160";"Eurajoki"
"805";"27170";"Eurajoki"
"806";"27220";"Rauma"
"807";"27230";"Rauma"
"808";"27250";"Rauma"
"809";"27260";"Rauma"
"810";"27310";"Rauma"
"811";"27320";"Pyhäranta"
"812";"27340";"Pyhäranta"
"813";"27400";"Eura"
"814";"27420";"Eura"
"815";"27430";"Eura"
"816";"27450";"Eura"
"817";"27500";"Eura"
"818";"27510";"Eura"
"819";"27600";"Eura"
"820";"27640";"Eura"
"821";"27650";"Eura"
"822";"27670";"Eura"
"823";"27710";"Säkylä"
"824";"27730";"Säkylä"
"825";"27740";"Säkylä"
"826";"27750";"Säkylä"
"827";"27800";"Säkylä"
"828";"27820";"Säkylä"
"829";"27840";"Säkylä"
"830";"27860";"Säkylä"
"831";"27910";"Säkylä"
"832";"27920";"Säkylä"
"833";"28100";"Pori"
"834";"28120";"Pori"
"835";"28130";"Pori"
"836";"28190";"Pori"
"837";"28200";"Pori"
"838";"28220";"Pori"
"839";"28240";"Pori"
"840";"28260";"Ulvila"
"841";"28300";"Pori"
"842";"28330";"Pori"
"843";"28360";"Pori"
"844";"28370";"Pori"
"845";"28400";"Ulvila"
"846";"28430";"Pori"
"847";"28450";"Ulvila"
"848";"28500";"Pori"
"849";"28540";"Pori"
"850";"28560";"Pori"
"851";"28580";"Pori"
"852";"28600";"Pori"
"853";"28610";"Pori"
"854";"28660";"Pori"
"855";"28760";"Pori"
"856";"28800";"Pori"
"857";"28840";"Pori"
"858";"28880";"Pori"
"859";"28900";"Pori"
"860";"29100";"Eurajoki"
"861";"29180";"Eurajoki"
"862";"29200";"Harjavalta"
"863";"29250";"Nakkila"
"864";"29270";"Nakkila"
"865";"29280";"Nakkila"
"866";"29310";"Ulvila"
"867";"29320";"Ulvila"
"868";"29340";"Ulvila"
"869";"29350";"Ulvila"
"870";"29570";"Pori"
"871";"29600";"Pori"
"872";"29630";"Pomarkku"
"873";"29640";"Pomarkku"
"874";"29680";"Pori"
"875";"29700";"Pori"
"876";"29720";"Pori"
"877";"29740";"Merikarvia"
"878";"29750";"Merikarvia"
"879";"29760";"Merikarvia"
"880";"29790";"Merikarvia"
"881";"29810";"Siikainen"
"882";"29830";"Siikainen"
"883";"29860";"Siikainen"
"884";"29880";"Siikainen"
"885";"29900";"Merikarvia"
"886";"29940";"Merikarvia"
"887";"30100";"Forssa"
"888";"30300";"Forssa"
"889";"30420";"Forssa"
"890";"31110";"Forssa"
"891";"31130";"Forssa"
"892";"31140";"Urjala"
"893";"31160";"Urjala"
"894";"31170";"Forssa"
"895";"31230";"Tammela"
"896";"31250";"Tammela"
"897";"31300";"Tammela"
"898";"31310";"Tammela"
"899";"31340";"Tammela"
"900";"31350";"Tammela"
"901";"31370";"Tammela"
"902";"31380";"Tammela"
"903";"31400";"Somero"
"904";"31410";"Somero"
"905";"31450";"Somero"
"906";"31460";"Somero"
"907";"31470";"Somero"
"908";"31490";"Somero"
"909";"31500";"Koski Tl"
"910";"31520";"Somero"
"911";"31530";"Somero"
"912";"31600";"Jokioinen"
"913";"31610";"Jokioinen"
"914";"31620";"Jokioinen"
"915";"31630";"Jokioinen"
"916";"31640";"Humppila"
"917";"31650";"Humppila"
"918";"31700";"Urjala"
"919";"31720";"Urjala"
"920";"31730";"Urjala"
"921";"31750";"Urjala"
"922";"31760";"Urjala"
"923";"31810";"Punkalaidun"
"924";"31830";"Urjala"
"925";"31850";"Punkalaidun"
"926";"31860";"Urjala"
"927";"31900";"Punkalaidun"
"928";"31930";"Punkalaidun"
"929";"31950";"Punkalaidun"
"930";"31960";"Loimaa"
"931";"31970";"Punkalaidun"
"932";"32100";"Ypäjä"
"933";"32140";"Ypäjä"
"934";"32200";"Loimaa"
"935";"32210";"Loimaa"
"936";"32250";"Loimaa"
"937";"32260";"Loimaa"
"938";"32270";"Loimaa"
"939";"32280";"Loimaa"
"940";"32300";"Loimaa"
"941";"32410";"Loimaa"
"942";"32430";"Loimaa"
"943";"32440";"Loimaa"
"944";"32450";"Loimaa"
"945";"32500";"Oripää"
"946";"32520";"Oripää"
"947";"32560";"Loimaa"
"948";"32610";"Huittinen"
"949";"32620";"Huittinen"
"950";"32700";"Huittinen"
"951";"32710";"Huittinen"
"952";"32730";"Sastamala"
"953";"32740";"Sastamala"
"954";"32760";"Huittinen"
"955";"32770";"Huittinen"
"956";"32800";"Kokemäki"
"957";"32810";"Kokemäki"
"958";"32830";"Kokemäki"
"959";"32860";"Kokemäki"
"960";"32910";"Kokemäki"
"961";"32920";"Kokemäki"
"962";"33100";"Tampere"
"963";"33180";"Tampere"
"964";"33200";"Tampere"
"965";"33210";"Tampere"
"966";"33230";"Tampere"
"967";"33240";"Tampere"
"968";"33250";"Tampere"
"969";"33270";"Tampere"
"970";"33300";"Tampere"
"971";"33310";"Tampere"
"972";"33330";"Tampere"
"973";"33340";"Tampere"
"974";"33380";"Nokia"
"975";"33400";"Tampere"
"976";"33410";"Tampere"
"977";"33420";"Tampere"
"978";"33430";"Ylöjärvi"
"979";"33450";"Ylöjärvi"
"980";"33470";"Ylöjärvi"
"981";"33480";"Ylöjärvi"
"982";"33500";"Tampere"
"983";"33520";"Tampere"
"984";"33530";"Tampere"
"985";"33540";"Tampere"
"986";"33560";"Tampere"
"987";"33580";"Tampere"
"988";"33610";"Tampere"
"989";"33680";"Tampere"
"990";"33700";"Tampere"
"991";"33710";"Tampere"
"992";"33720";"Tampere"
"993";"33730";"Tampere"
"994";"33800";"Tampere"
"995";"33820";"Tampere"
"996";"33840";"Tampere"
"997";"33850";"Tampere"
"998";"33870";"Tampere"
"999";"33880";"Lempäälä"
"1000";"33900";"Tampere"
"1001";"33920";"Pirkkala"
"1002";"33950";"Pirkkala"
"1003";"33960";"Pirkkala"
"1004";"33980";"Pirkkala"
"1005";"34110";"Ylöjärvi"
"1006";"34130";"Ylöjärvi"
"1007";"34140";"Ylöjärvi"
"1008";"34150";"Ylöjärvi"
"1009";"34180";"Ylöjärvi"
"1010";"34240";"Tampere"
"1011";"34260";"Tampere"
"1012";"34270";"Tampere"
"1013";"34300";"Ylöjärvi"
"1014";"34320";"Ylöjärvi"
"1015";"34330";"Ylöjärvi"
"1016";"34410";"Ruovesi"
"1017";"34420";"Ruovesi"
"1018";"34430";"Ruovesi"
"1019";"34450";"Ruovesi"
"1020";"34510";"Ylöjärvi"
"1021";"34530";"Ylöjärvi"
"1022";"34550";"Ylöjärvi"
"1023";"34600";"Ruovesi"
"1024";"34640";"Ruovesi"
"1025";"34710";"Virrat"
"1026";"34730";"Virrat"
"1027";"34740";"Virrat"
"1028";"34770";"Virrat"
"1029";"34800";"Virrat"
"1030";"34870";"Ruovesi"
"1031";"34910";"Virrat"
"1032";"34930";"Virrat"
"1033";"34950";"Virrat"
"1034";"34970";"Virrat"
"1035";"34980";"Virrat"
"1036";"35100";"Orivesi"
"1037";"35220";"Orivesi"
"1038";"35240";"Orivesi"
"1039";"35260";"Orivesi"
"1040";"35270";"Orivesi"
"1041";"35300";"Orivesi"
"1042";"35320";"Orivesi"
"1043";"35400";"Jämsä"
"1044";"35420";"Orivesi"
"1045";"35480";"Orivesi"
"1046";"35500";"Juupajoki"
"1047";"35520";"Juupajoki"
"1048";"35530";"Juupajoki"
"1049";"35540";"Juupajoki"
"1050";"35550";"Juupajoki"
"1051";"35600";"Jämsä"
"1052";"35610";"Jämsä"
"1053";"35630";"Jämsä"
"1054";"35700";"Mänttä-Vilppula"
"1055";"35740";"Ruovesi"
"1056";"35750";"Ruovesi"
"1057";"35800";"Mänttä-Vilppula"
"1058";"35820";"Jämsä"
"1059";"35990";"Mänttä-Vilppula"
"1060";"36100";"Kangasala"
"1061";"36110";"Kangasala"
"1062";"36120";"Kangasala"
"1063";"36200";"Kangasala"
"1064";"36220";"Kangasala"
"1065";"36240";"Kangasala"
"1066";"36270";"Kangasala"
"1067";"36280";"Kangasala"
"1068";"36340";"Kangasala"
"1069";"36420";"Kangasala"
"1070";"36430";"Kangasala"
"1071";"36450";"Pälkäne"
"1072";"36520";"Kangasala"
"1073";"36570";"Kangasala"
"1074";"36600";"Pälkäne"
"1075";"36640";"Pälkäne"
"1076";"36660";"Pälkäne"
"1077";"36720";"Pälkäne"
"1078";"36760";"Pälkäne"
"1079";"36810";"Kangasala"
"1080";"36840";"Kangasala"
"1081";"36880";"Kangasala"
"1082";"36910";"Pälkäne"
"1083";"36930";"Pälkäne"
"1084";"37100";"Nokia"
"1085";"37120";"Nokia"
"1086";"37130";"Nokia"
"1087";"37140";"Nokia"
"1088";"37150";"Nokia"
"1089";"37180";"Nokia"
"1090";"37200";"Nokia"
"1091";"37210";"Nokia"
"1092";"37240";"Nokia"
"1093";"37310";"Nokia"
"1094";"37350";"Vesilahti"
"1095";"37370";"Vesilahti"
"1096";"37380";"Vesilahti"
"1097";"37420";"Vesilahti"
"1098";"37470";"Vesilahti"
"1099";"37500";"Lempäälä"
"1100";"37530";"Lempäälä"
"1101";"37550";"Lempäälä"
"1102";"37560";"Lempäälä"
"1103";"37570";"Lempäälä"
"1104";"37600";"Valkeakoski"
"1105";"37630";"Valkeakoski"
"1106";"37700";"Valkeakoski"
"1107";"37720";"Valkeakoski"
"1108";"37740";"Valkeakoski"
"1109";"37770";"Valkeakoski"
"1110";"37800";"Akaa"
"1111";"37830";"Akaa"
"1112";"37850";"Valkeakoski"
"1113";"37860";"Valkeakoski"
"1114";"37900";"Akaa"
"1115";"37910";"Akaa"
"1116";"37960";"Akaa"
"1117";"38100";"Sastamala"
"1118";"38120";"Sastamala"
"1119";"38130";"Sastamala"
"1120";"38140";"Sastamala"
"1121";"38200";"Sastamala"
"1122";"38210";"Sastamala"
"1123";"38220";"Sastamala"
"1124";"38250";"Sastamala"
"1125";"38270";"Sastamala"
"1126";"38280";"Sastamala"
"1127";"38300";"Sastamala"
"1128";"38360";"Sastamala"
"1129";"38420";"Sastamala"
"1130";"38460";"Sastamala"
"1131";"38470";"Sastamala"
"1132";"38490";"Hämeenkyrö"
"1133";"38510";"Sastamala"
"1134";"38600";"Pori"
"1135";"38650";"Pori"
"1136";"38670";"Pori"
"1137";"38680";"Pomarkku"
"1138";"38700";"Kankaanpää"
"1139";"38710";"Kankaanpää"
"1140";"38720";"Kankaanpää"
"1141";"38740";"Kankaanpää"
"1142";"38750";"Kankaanpää"
"1143";"38760";"Kankaanpää"
"1144";"38770";"Kankaanpää"
"1145";"38800";"Jämijärvi"
"1146";"38840";"Kankaanpää"
"1147";"38860";"Jämijärvi"
"1148";"38910";"Kankaanpää"
"1149";"38920";"Honkajoki"
"1150";"38950";"Honkajoki"
"1151";"38970";"Honkajoki"
"1152";"39100";"Hämeenkyrö"
"1153";"39110";"Hämeenkyrö"
"1154";"39130";"Hämeenkyrö"
"1155";"39150";"Hämeenkyrö"
"1156";"39160";"Ylöjärvi"
"1157";"39170";"Hämeenkyrö"
"1158";"39180";"Hämeenkyrö"
"1159";"39195";"Hämeenkyrö"
"1160";"39200";"Hämeenkyrö"
"1161";"39230";"Hämeenkyrö"
"1162";"39290";"Hämeenkyrö"
"1163";"39310";"Ylöjärvi"
"1164";"39340";"Ylöjärvi"
"1165";"39360";"Ylöjärvi"
"1166";"39380";"Hämeenkyrö"
"1167";"39410";"Ikaalinen"
"1168";"39430";"Ikaalinen"
"1169";"39450";"Ikaalinen"
"1170";"39500";"Ikaalinen"
"1171";"39530";"Ikaalinen"
"1172";"39580";"Ikaalinen"
"1173";"39590";"Ikaalinen"
"1174";"39610";"Ikaalinen"
"1175";"39620";"Parkano"
"1176";"39660";"Parkano"
"1177";"39700";"Parkano"
"1178";"39750";"Parkano"
"1179";"39770";"Parkano"
"1180";"39780";"Parkano"
"1181";"39810";"Kihniö"
"1182";"39820";"Kihniö"
"1183";"39880";"Kihniö"
"1184";"39920";"Karvia"
"1185";"39930";"Karvia"
"1186";"39940";"Karvia"
"1187";"39960";"Karvia"
"1188";"39965";"Karvia"
"1189";"39980";"Karvia"
"1190";"39990";"Karvia"
"1191";"40100";"Jyväskylä"
"1192";"40200";"Jyväskylä"
"1193";"40250";"Jyväskylä"
"1194";"40270";"Jyväskylä"
"1195";"40320";"Jyväskylä"
"1196";"40340";"Jyväskylä"
"1197";"40400";"Jyväskylä"
"1198";"40420";"Jyväskylä"
"1199";"40500";"Jyväskylä"
"1200";"40520";"Jyväskylä"
"1201";"40530";"Jyväskylä"
"1202";"40600";"Jyväskylä"
"1203";"40620";"Jyväskylä"
"1204";"40630";"Jyväskylä"
"1205";"40640";"Jyväskylä"
"1206";"40660";"Jyväskylä"
"1207";"40700";"Jyväskylä"
"1208";"40720";"Jyväskylä"
"1209";"40740";"Jyväskylä"
"1210";"40800";"Jyväskylä"
"1211";"40820";"Jyväskylä"
"1212";"40900";"Jyväskylä"
"1213";"40930";"Muurame"
"1214";"40950";"Muurame"
"1215";"41120";"Jyväskylä"
"1216";"41140";"Jyväskylä"
"1217";"41160";"Jyväskylä"
"1218";"41180";"Laukaa"
"1219";"41210";"Uurainen"
"1220";"41220";"Uurainen"
"1221";"41230";"Uurainen"
"1222";"41240";"Uurainen"
"1223";"41260";"Saarijärvi"
"1224";"41270";"Saarijärvi"
"1225";"41290";"Uurainen"
"1226";"41310";"Laukaa"
"1227";"41325";"Laukaa"
"1228";"41330";"Laukaa"
"1229";"41340";"Laukaa"
"1230";"41350";"Laukaa"
"1231";"41360";"Laukaa"
"1232";"41370";"Laukaa"
"1233";"41390";"Laukaa"
"1234";"41400";"Laukaa"
"1235";"41410";"Toivakka"
"1236";"41440";"Toivakka"
"1237";"41450";"Jyväskylä"
"1238";"41490";"Hankasalmi"
"1239";"41500";"Hankasalmi"
"1240";"41520";"Hankasalmi"
"1241";"41530";"Hankasalmi"
"1242";"41540";"Hankasalmi"
"1243";"41550";"Hankasalmi"
"1244";"41560";"Hankasalmi"
"1245";"41580";"Hankasalmi"
"1246";"41630";"Jyväskylä"
"1247";"41660";"Toivakka"
"1248";"41710";"Jyväskylä"
"1249";"41730";"Joutsa"
"1250";"41750";"Joutsa"
"1251";"41770";"Joutsa"
"1252";"41800";"Jyväskylä"
"1253";"41820";"Jyväskylä"
"1254";"41840";"Jyväskylä"
"1255";"41860";"Jyväskylä"
"1256";"41870";"Jyväskylä"
"1257";"41880";"Jyväskylä"
"1258";"41900";"Petäjävesi"
"1259";"41920";"Petäjävesi"
"1260";"41925";"Petäjävesi"
"1261";"41930";"Jyväskylä"
"1262";"41940";"Jyväskylä"
"1263";"41970";"Keuruu"
"1264";"41980";"Petäjävesi"
"1265";"42100";"Jämsä"
"1266";"42140";"Jämsä"
"1267";"42220";"Jämsä"
"1268";"42300";"Jämsä"
"1269";"42330";"Jämsä"
"1270";"42440";"Jämsä"
"1271";"42520";"Keuruu"
"1272";"42560";"Keuruu"
"1273";"42600";"Multia"
"1274";"42660";"Multia"
"1275";"42700";"Keuruu"
"1276";"42720";"Keuruu"
"1277";"42800";"Keuruu"
"1278";"42820";"Keuruu"
"1279";"42830";"Mänttä-Vilppula"
"1280";"42840";"Mänttä-Vilppula"
"1281";"42850";"Mänttä-Vilppula"
"1282";"42870";"Virrat"
"1283";"42910";"Keuruu"
"1284";"42930";"Keuruu"
"1285";"43100";"Saarijärvi"
"1286";"43130";"Saarijärvi"
"1287";"43170";"Saarijärvi"
"1288";"43220";"Saarijärvi"
"1289";"43240";"Saarijärvi"
"1290";"43250";"Saarijärvi"
"1291";"43270";"Saarijärvi"
"1292";"43300";"Kannonkoski"
"1293";"43340";"Kannonkoski"
"1294";"43390";"Kivijärvi"
"1295";"43420";"Saarijärvi"
"1296";"43430";"Multia"
"1297";"43440";"Saarijärvi"
"1298";"43480";"Saarijärvi"
"1299";"43490";"Karstula"
"1300";"43500";"Karstula"
"1301";"43520";"Karstula"
"1302";"43540";"Karstula"
"1303";"43560";"Karstula"
"1304";"43610";"Karstula"
"1305";"43640";"Karstula"
"1306";"43660";"Karstula"
"1307";"43700";"Kyyjärvi"
"1308";"43720";"Kyyjärvi"
"1309";"43800";"Kivijärvi"
"1310";"43840";"Kivijärvi"
"1311";"43900";"Kinnula"
"1312";"43940";"Kinnula"
"1313";"43960";"Kinnula"
"1314";"44100";"Äänekoski"
"1315";"44120";"Äänekoski"
"1316";"44150";"Äänekoski"
"1317";"44160";"Äänekoski"
"1318";"44170";"Äänekoski"
"1319";"44190";"Äänekoski"
"1320";"44200";"Äänekoski"
"1321";"44220";"Äänekoski"
"1322";"44250";"Äänekoski"
"1323";"44260";"Äänekoski"
"1324";"44280";"Äänekoski"
"1325";"44300";"Konnevesi"
"1326";"44320";"Konnevesi"
"1327";"44330";"Konnevesi"
"1328";"44350";"Konnevesi"
"1329";"44370";"Konnevesi"
"1330";"44400";"Äänekoski"
"1331";"44420";"Äänekoski"
"1332";"44440";"Äänekoski"
"1333";"44460";"Äänekoski"
"1334";"44480";"Viitasaari"
"1335";"44500";"Viitasaari"
"1336";"44530";"Viitasaari"
"1337";"44580";"Viitasaari"
"1338";"44590";"Viitasaari"
"1339";"44610";"Viitasaari"
"1340";"44630";"Viitasaari"
"1341";"44640";"Viitasaari"
"1342";"44670";"Viitasaari"
"1343";"44680";"Viitasaari"
"1344";"44730";"Viitasaari"
"1345";"44740";"Viitasaari"
"1346";"44760";"Viitasaari"
"1347";"44770";"Viitasaari"
"1348";"44790";"Viitasaari"
"1349";"44800";"Pihtipudas"
"1350";"44860";"Pihtipudas"
"1351";"44880";"Pihtipudas"
"1352";"44910";"Pihtipudas"
"1353";"44920";"Pihtipudas"
"1354";"44950";"Pihtipudas"
"1355";"44970";"Pihtipudas"
"1356";"45100";"Kouvola"
"1357";"45120";"Kouvola"
"1358";"45130";"Kouvola"
"1359";"45150";"Kouvola"
"1360";"45160";"Kouvola"
"1361";"45200";"Kouvola"
"1362";"45330";"Kouvola"
"1363";"45360";"Kouvola"
"1364";"45370";"Kouvola"
"1365";"45410";"Kouvola"
"1366";"45460";"Kouvola"
"1367";"45610";"Kouvola"
"1368";"45700";"Kouvola"
"1369";"45720";"Kouvola"
"1370";"45740";"Kouvola"
"1371";"45750";"Kouvola"
"1372";"45810";"Kouvola"
"1373";"45910";"Kouvola"
"1374";"45940";"Kouvola"
"1375";"46110";"Kouvola"
"1376";"46140";"Kouvola"
"1377";"46230";"Kouvola"
"1378";"46400";"Kouvola"
"1379";"46430";"Kouvola"
"1380";"46450";"Kouvola"
"1381";"46530";"Luumäki"
"1382";"46570";"Kouvola"
"1383";"46710";"Kouvola"
"1384";"46730";"Kouvola"
"1385";"46750";"Kouvola"
"1386";"46800";"Kouvola"
"1387";"46810";"Kouvola"
"1388";"46860";"Kouvola"
"1389";"46900";"Kouvola"
"1390";"46910";"Kouvola"
"1391";"46930";"Kotka"
"1392";"46950";"Kouvola"
"1393";"46960";"Kouvola"
"1394";"47110";"Kouvola"
"1395";"47150";"Kouvola"
"1396";"47200";"Kouvola"
"1397";"47260";"Kouvola"
"1398";"47310";"Iitti"
"1399";"47350";"Lapinjärvi"
"1400";"47400";"Iitti"
"1401";"47440";"Iitti"
"1402";"47450";"Iitti"
"1403";"47460";"Iitti"
"1404";"47490";"Iitti"
"1405";"47520";"Iitti"
"1406";"47540";"Iitti"
"1407";"47610";"Iitti"
"1408";"47650";"Kouvola"
"1409";"47710";"Kouvola"
"1410";"47760";"Kouvola"
"1411";"47810";"Kouvola"
"1412";"47830";"Kouvola"
"1413";"47850";"Kouvola"
"1414";"47900";"Kouvola"
"1415";"47910";"Kouvola"
"1416";"48100";"Kotka"
"1417";"48130";"Kotka"
"1418";"48200";"Kotka"
"1419";"48210";"Kotka"
"1420";"48220";"Kotka"
"1421";"48230";"Kotka"
"1422";"48300";"Kotka"
"1423";"48310";"Kotka"
"1424";"48350";"Kotka"
"1425";"48400";"Kotka"
"1426";"48410";"Kotka"
"1427";"48600";"Kotka"
"1428";"48700";"Kotka"
"1429";"48710";"Kotka"
"1430";"48720";"Kotka"
"1431";"48750";"Kotka"
"1432";"48770";"Kotka"
"1433";"48800";"Kotka"
"1434";"48810";"Kotka"
"1435";"48900";"Kotka"
"1436";"48910";"Kotka"
"1437";"48930";"Kotka"
"1438";"49200";"Pyhtää"
"1439";"49210";"Pyhtää"
"1440";"49220";"Pyhtää"
"1441";"49240";"Pyhtää"
"1442";"49270";"Pyhtää"
"1443";"49290";"Pyhtää"
"1444";"49300";"Kotka"
"1445";"49340";"Kotka"
"1446";"49400";"Hamina"
"1447";"49410";"Hamina"
"1448";"49420";"Hamina"
"1449";"49460";"Hamina"
"1450";"49480";"Hamina"
"1451";"49490";"Hamina"
"1452";"49510";"Hamina"
"1453";"49520";"Hamina"
"1454";"49540";"Hamina"
"1455";"49570";"Hamina"
"1456";"49610";"Hamina"
"1457";"49630";"Hamina"
"1458";"49640";"Hamina"
"1459";"49660";"Hamina"
"1460";"49700";"Miehikkälä"
"1461";"49720";"Miehikkälä"
"1462";"49730";"Miehikkälä"
"1463";"49750";"Miehikkälä"
"1464";"49760";"Miehikkälä"
"1465";"49770";"Miehikkälä"
"1466";"49780";"Hamina"
"1467";"49840";"Hamina"
"1468";"49860";"Virolahti"
"1469";"49900";"Virolahti"
"1470";"49930";"Virolahti"
"1471";"49960";"Virolahti"
"1472";"49980";"Virolahti"
"1473";"50100";"Mikkeli"
"1474";"50120";"Mikkeli"
"1475";"50130";"Mikkeli"
"1476";"50150";"Mikkeli"
"1477";"50160";"Mikkeli"
"1478";"50170";"Mikkeli"
"1479";"50180";"Mikkeli"
"1480";"50190";"Mikkeli"
"1481";"50200";"Mikkeli"
"1482";"50300";"Mikkeli"
"1483";"50350";"Mikkeli"
"1484";"50500";"Mikkeli"
"1485";"50520";"Mikkeli"
"1486";"50600";"Mikkeli"
"1487";"50670";"Mikkeli"
"1488";"50700";"Mikkeli"
"1489";"50770";"Mikkeli"
"1490";"50800";"Mikkeli"
"1491";"50970";"Mikkeli"
"1492";"51130";"Mikkeli"
"1493";"51200";"Kangasniemi"
"1494";"51260";"Kangasniemi"
"1495";"51270";"Kangasniemi"
"1496";"51310";"Kangasniemi"
"1497";"51335";"Kangasniemi"
"1498";"51340";"Kangasniemi"
"1499";"51360";"Kangasniemi"
"1500";"51380";"Kangasniemi"
"1501";"51420";"Mikkeli"
"1502";"51430";"Kangasniemi"
"1503";"51440";"Kangasniemi"
"1504";"51450";"Mikkeli"
"1505";"51460";"Kangasniemi"
"1506";"51520";"Mikkeli"
"1507";"51540";"Mikkeli"
"1508";"51600";"Mikkeli"
"1509";"51620";"Mikkeli"
"1510";"51670";"Mikkeli"
"1511";"51720";"Mikkeli"
"1512";"51740";"Mikkeli"
"1513";"51760";"Juva"
"1514";"51780";"Juva"
"1515";"51810";"Juva"
"1516";"51820";"Juva"
"1517";"51850";"Juva"
"1518";"51860";"Juva"
"1519";"51880";"Juva"
"1520";"51890";"Juva"
"1521";"51900";"Juva"
"1522";"51930";"Juva"
"1523";"51940";"Juva"
"1524";"51980";"Juva"
"1525";"52100";"Mikkeli"
"1526";"52110";"Mikkeli"
"1527";"52150";"Mikkeli"
"1528";"52200";"Puumala"
"1529";"52230";"Puumala"
"1530";"52270";"Puumala"
"1531";"52300";"Mikkeli"
"1532";"52320";"Mikkeli"
"1533";"52330";"Mikkeli"
"1534";"52340";"Mikkeli"
"1535";"52360";"Mikkeli"
"1536";"52420";"Mikkeli"
"1537";"52510";"Hirvensalmi"
"1538";"52520";"Hirvensalmi"
"1539";"52550";"Hirvensalmi"
"1540";"52610";"Hirvensalmi"
"1541";"52620";"Hirvensalmi"
"1542";"52700";"Mäntyharju"
"1543";"52720";"Mäntyharju"
"1544";"52730";"Mäntyharju"
"1545";"52740";"Mäntyharju"
"1546";"52760";"Mäntyharju"
"1547";"52780";"Mikkeli"
"1548";"52830";"Mikkeli"
"1549";"52850";"Mäntyharju"
"1550";"52890";"Mäntyharju"
"1551";"52920";"Kouvola"
"1552";"52960";"Mäntyharju"
"1553";"52970";"Mäntyharju"
"1554";"52980";"Heinola"
"1555";"53100";"Lappeenranta"
"1556";"53130";"Lappeenranta"
"1557";"53200";"Lappeenranta"
"1558";"53300";"Lappeenranta"
"1559";"53400";"Lappeenranta"
"1560";"53420";"Lappeenranta"
"1561";"53500";"Lappeenranta"
"1562";"53550";"Lappeenranta"
"1563";"53600";"Lappeenranta"
"1564";"53650";"Lappeenranta"
"1565";"53810";"Lappeenranta"
"1566";"53830";"Lappeenranta"
"1567";"53850";"Lappeenranta"
"1568";"53900";"Lappeenranta"
"1569";"53920";"Lappeenranta"
"1570";"53950";"Lappeenranta"
"1571";"54100";"Lappeenranta"
"1572";"54110";"Lappeenranta"
"1573";"54120";"Lappeenranta"
"1574";"54190";"Lappeenranta"
"1575";"54230";"Lappeenranta"
"1576";"54250";"Lappeenranta"
"1577";"54260";"Lappeenranta"
"1578";"54270";"Lappeenranta"
"1579";"54300";"Lappeenranta"
"1580";"54310";"Lappeenranta"
"1581";"54330";"Lappeenranta"
"1582";"54390";"Lappeenranta"
"1583";"54410";"Lappeenranta"
"1584";"54430";"Lappeenranta"
"1585";"54460";"Lappeenranta"
"1586";"54490";"Miehikkälä"
"1587";"54500";"Luumäki"
"1588";"54510";"Luumäki"
"1589";"54530";"Luumäki"
"1590";"54550";"Luumäki"
"1591";"54580";"Luumäki"
"1592";"54590";"Luumäki"
"1593";"54710";"Lemi"
"1594";"54720";"Lemi"
"1595";"54750";"Savitaipale"
"1596";"54770";"Savitaipale"
"1597";"54800";"Savitaipale"
"1598";"54820";"Lemi"
"1599";"54850";"Lemi"
"1600";"54915";"Taipalsaari"
"1601";"54920";"Taipalsaari"
"1602";"54930";"Taipalsaari"
"1603";"54940";"Taipalsaari"
"1604";"54950";"Savitaipale"
"1605";"54960";"Taipalsaari"
"1606";"55100";"Imatra"
"1607";"55120";"Imatra"
"1608";"55300";"Lappeenranta"
"1609";"55320";"Lappeenranta"
"1610";"55330";"Lappeenranta"
"1611";"55400";"Imatra"
"1612";"55420";"Imatra"
"1613";"55510";"Imatra"
"1614";"55610";"Imatra"
"1615";"55700";"Imatra"
"1616";"55800";"Imatra"
"1617";"55910";"Imatra"
"1618";"56100";"Ruokolahti"
"1619";"56120";"Ruokolahti"
"1620";"56140";"Ruokolahti"
"1621";"56210";"Ruokolahti"
"1622";"56310";"Ruokolahti"
"1623";"56330";"Ruokolahti"
"1624";"56350";"Taipalsaari"
"1625";"56410";"Ruokolahti"
"1626";"56440";"Ruokolahti"
"1627";"56510";"Ruokolahti"
"1628";"56550";"Rautjärvi"
"1629";"56610";"Rautjärvi"
"1630";"56640";"Rautjärvi"
"1631";"56710";"Rautjärvi"
"1632";"56730";"Rautjärvi"
"1633";"56800";"Rautjärvi"
"1634";"57100";"Savonlinna"
"1635";"57120";"Savonlinna"
"1636";"57130";"Savonlinna"
"1637";"57170";"Savonlinna"
"1638";"57200";"Savonlinna"
"1639";"57210";"Savonlinna"
"1640";"57220";"Savonlinna"
"1641";"57230";"Savonlinna"
"1642";"57310";"Savonlinna"
"1643";"57510";"Savonlinna"
"1644";"57600";"Savonlinna"
"1645";"57710";"Savonlinna"
"1646";"57810";"Savonlinna"
"1647";"58130";"Savonlinna"
"1648";"58140";"Savonlinna"
"1649";"58150";"Savonlinna"
"1650";"58160";"Enonkoski"
"1651";"58170";"Enonkoski"
"1652";"58175";"Enonkoski"
"1653";"58180";"Enonkoski"
"1654";"58200";"Savonlinna"
"1655";"58220";"Savonlinna"
"1656";"58260";"Savonlinna"
"1657";"58300";"Savonlinna"
"1658";"58320";"Savonlinna"
"1659";"58350";"Kitee"
"1660";"58360";"Savonlinna"
"1661";"58390";"Savonlinna"
"1662";"58410";"Savonlinna"
"1663";"58420";"Savonlinna"
"1664";"58430";"Savonlinna"
"1665";"58450";"Savonlinna"
"1666";"58500";"Savonlinna"
"1667";"58520";"Savonlinna"
"1668";"58550";"Savonlinna"
"1669";"58570";"Savonlinna"
"1670";"58580";"Savonlinna"
"1671";"58610";"Sulkava"
"1672";"58620";"Sulkava"
"1673";"58650";"Savonlinna"
"1674";"58680";"Savonlinna"
"1675";"58690";"Savonlinna"
"1676";"58700";"Sulkava"
"1677";"58720";"Sulkava"
"1678";"58770";"Savonlinna"
"1679";"58810";"Savonlinna"
"1680";"58830";"Rantasalmi"
"1681";"58850";"Rantasalmi"
"1682";"58900";"Rantasalmi"
"1683";"58910";"Rantasalmi"
"1684";"58920";"Rantasalmi"
"1685";"58940";"Rantasalmi"
"1686";"59100";"Parikkala"
"1687";"59130";"Parikkala"
"1688";"59210";"Parikkala"
"1689";"59310";"Parikkala"
"1690";"59320";"Parikkala"
"1691";"59410";"Parikkala"
"1692";"59510";"Parikkala"
"1693";"59520";"Parikkala"
"1694";"59530";"Parikkala"
"1695";"59610";"Parikkala"
"1696";"59710";"Parikkala"
"1697";"59720";"Parikkala"
"1698";"59730";"Parikkala"
"1699";"59800";"Kitee"
"1700";"59810";"Kitee"
"1701";"59820";"Kitee"
"1702";"60100";"Seinäjoki"
"1703";"60120";"Seinäjoki"
"1704";"60150";"Seinäjoki"
"1705";"60200";"Seinäjoki"
"1706";"60220";"Seinäjoki"
"1707";"60280";"Seinäjoki"
"1708";"60320";"Seinäjoki"
"1709";"60420";"Seinäjoki"
"1710";"60450";"Ilmajoki"
"1711";"60510";"Seinäjoki"
"1712";"60550";"Seinäjoki"
"1713";"60560";"Seinäjoki"
"1714";"60640";"Seinäjoki"
"1715";"60720";"Ilmajoki"
"1716";"60760";"Ilmajoki"
"1717";"60800";"Ilmajoki"
"1718";"61100";"Seinäjoki"
"1719";"61110";"Seinäjoki"
"1720";"61120";"Seinäjoki"
"1721";"61140";"Seinäjoki"
"1722";"61150";"Alavus"
"1723";"61160";"Seinäjoki"
"1724";"61170";"Alavus"
"1725";"61180";"Seinäjoki"
"1726";"61220";"Kurikka"
"1727";"61230";"Kurikka"
"1728";"61250";"Kurikka"
"1729";"61270";"Kurikka"
"1730";"61280";"Kurikka"
"1731";"61290";"Kurikka"
"1732";"61300";"Kurikka"
"1733";"61310";"Kurikka"
"1734";"61330";"Ilmajoki"
"1735";"61340";"Ilmajoki"
"1736";"61350";"Ilmajoki"
"1737";"61360";"Kurikka"
"1738";"61370";"Kurikka"
"1739";"61380";"Kurikka"
"1740";"61400";"Seinäjoki"
"1741";"61410";"Seinäjoki"
"1742";"61430";"Seinäjoki"
"1743";"61440";"Seinäjoki"
"1744";"61450";"Seinäjoki"
"1745";"61460";"Seinäjoki"
"1746";"61470";"Seinäjoki"
"1747";"61500";"Isokyrö"
"1748";"61520";"Isokyrö"
"1749";"61550";"Isokyrö"
"1750";"61560";"Isokyrö"
"1751";"61600";"Kurikka"
"1752";"61630";"Kurikka"
"1753";"61640";"Kurikka"
"1754";"61650";"Seinäjoki"
"1755";"61680";"Kurikka"
"1756";"61710";"Kurikka"
"1757";"61720";"Kurikka"
"1758";"61730";"Kurikka"
"1759";"61760";"Kurikka"
"1760";"61800";"Kauhajoki"
"1761";"61810";"Kauhajoki"
"1762";"61820";"Kauhajoki"
"1763";"61840";"Teuva"
"1764";"61850";"Kauhajoki"
"1765";"61860";"Kauhajoki"
"1766";"61880";"Kauhajoki"
"1767";"61910";"Kauhajoki"
"1768";"61920";"Kauhajoki"
"1769";"61940";"Kauhajoki"
"1770";"61950";"Kauhajoki"
"1771";"61960";"Kauhajoki"
"1772";"61980";"Kauhajoki"
"1773";"62100";"Lapua"
"1774";"62130";"Lapua"
"1775";"62150";"Kauhava"
"1776";"62160";"Lapua"
"1777";"62165";"Lapua"
"1778";"62170";"Lapua"
"1779";"62175";"Lapua"
"1780";"62185";"Lapua"
"1781";"62190";"Lapua"
"1782";"62200";"Kauhava"
"1783";"62220";"Kauhava"
"1784";"62230";"Kauhava"
"1785";"62240";"Kauhava"
"1786";"62260";"Kauhava"
"1787";"62280";"Lapua"
"1788";"62290";"Lapua"
"1789";"62295";"Lapua"
"1790";"62300";"Kauhava"
"1791";"62310";"Kauhava"
"1792";"62340";"Kauhava"
"1793";"62350";"Kauhava"
"1794";"62370";"Kauhava"
"1795";"62375";"Kauhava"
"1796";"62380";"Kauhava"
"1797";"62395";"Vöyri"
"1798";"62410";"Kauhava"
"1799";"62420";"Kauhava"
"1800";"62430";"Kauhava"
"1801";"62435";"Kauhava"
"1802";"62440";"Kauhava"
"1803";"62470";"Kauhava"
"1804";"62500";"Evijärvi"
"1805";"62510";"Evijärvi"
"1806";"62520";"Evijärvi"
"1807";"62540";"Evijärvi"
"1808";"62570";"Evijärvi"
"1809";"62600";"Lappajärvi"
"1810";"62610";"Lappajärvi"
"1811";"62620";"Lappajärvi"
"1812";"62630";"Lappajärvi"
"1813";"62640";"Lappajärvi"
"1814";"62660";"Lappajärvi"
"1815";"62710";"Alajärvi"
"1816";"62720";"Alajärvi"
"1817";"62730";"Alajärvi"
"1818";"62740";"Alajärvi"
"1819";"62750";"Alajärvi"
"1820";"62760";"Alajärvi"
"1821";"62800";"Vimpeli"
"1822";"62810";"Vimpeli"
"1823";"62830";"Alajärvi"
"1824";"62840";"Vimpeli"
"1825";"62860";"Vimpeli"
"1826";"62870";"Vimpeli"
"1827";"62880";"Vimpeli"
"1828";"62900";"Alajärvi"
"1829";"62920";"Alajärvi"
"1830";"62940";"Alajärvi"
"1831";"62950";"Alajärvi"
"1832";"62990";"Alajärvi"
"1833";"63100";"Kuortane"
"1834";"63120";"Kuortane"
"1835";"63130";"Kuortane"
"1836";"63150";"Kuortane"
"1837";"63160";"Kuortane"
"1838";"63210";"Alavus"
"1839";"63230";"Kuortane"
"1840";"63250";"Kuortane"
"1841";"63300";"Alavus"
"1842";"63320";"Alavus"
"1843";"63330";"Alavus"
"1844";"63340";"Alavus"
"1845";"63350";"Alavus"
"1846";"63355";"Alavus"
"1847";"63360";"Alavus"
"1848";"63370";"Alavus"
"1849";"63400";"Alavus"
"1850";"63410";"Alavus"
"1851";"63430";"Alavus"
"1852";"63450";"Kuortane"
"1853";"63500";"Alajärvi"
"1854";"63510";"Alajärvi"
"1855";"63530";"Alajärvi"
"1856";"63540";"Alajärvi"
"1857";"63600";"Alavus"
"1858";"63610";"Alavus"
"1859";"63640";"Alavus"
"1860";"63660";"Ähtäri"
"1861";"63680";"Alavus"
"1862";"63700";"Ähtäri"
"1863";"63770";"Ähtäri"
"1864";"63780";"Ähtäri"
"1865";"63800";"Soini"
"1866";"63830";"Soini"
"1867";"63880";"Soini"
"1868";"63890";"Soini"
"1869";"63900";"Ähtäri"
"1870";"63910";"Ähtäri"
"1871";"63920";"Ähtäri"
"1872";"63950";"Ähtäri"
"1873";"64100";"Kristiinankaupunki"
"1874";"64140";"Kristiinankaupunki"
"1875";"64200";"Närpiö"
"1876";"64210";"Närpiö"
"1877";"64220";"Närpiö"
"1878";"64230";"Närpiö"
"1879";"64240";"Närpiö"
"1880";"64250";"Närpiö"
"1881";"64260";"Kaskinen"
"1882";"64300";"Kristiinankaupunki"
"1883";"64320";"Kristiinankaupunki"
"1884";"64350";"Karijoki"
"1885";"64370";"Karijoki"
"1886";"64440";"Kristiinankaupunki"
"1887";"64450";"Kristiinankaupunki"
"1888";"64460";"Kristiinankaupunki"
"1889";"64480";"Kristiinankaupunki"
"1890";"64490";"Kristiinankaupunki"
"1891";"64510";"Närpiö"
"1892";"64530";"Närpiö"
"1893";"64550";"Närpiö"
"1894";"64610";"Närpiö"
"1895";"64700";"Teuva"
"1896";"64720";"Teuva"
"1897";"64740";"Teuva"
"1898";"64760";"Teuva"
"1899";"64770";"Teuva"
"1900";"64810";"Isojoki"
"1901";"64820";"Isojoki"
"1902";"64830";"Isojoki"
"1903";"64840";"Isojoki"
"1904";"64850";"Isojoki"
"1905";"64900";"Isojoki"
"1906";"64930";"Isojoki"
"1907";"65100";"Vaasa"
"1908";"65130";"Vaasa"
"1909";"65170";"Vaasa"
"1910";"65200";"Vaasa"
"1911";"65230";"Vaasa"
"1912";"65280";"Vaasa"
"1913";"65300";"Vaasa"
"1914";"65320";"Vaasa"
"1915";"65350";"Vaasa"
"1916";"65370";"Vaasa"
"1917";"65380";"Vaasa"
"1918";"65410";"Vaasa"
"1919";"65450";"Mustasaari"
"1920";"65460";"Mustasaari"
"1921";"65470";"Mustasaari"
"1922";"65480";"Mustasaari"
"1923";"65520";"Mustasaari"
"1924";"65610";"Mustasaari"
"1925";"65630";"Mustasaari"
"1926";"65650";"Mustasaari"
"1927";"65710";"Mustasaari"
"1928";"65730";"Mustasaari"
"1929";"65760";"Mustasaari"
"1930";"65800";"Mustasaari"
"1931";"65870";"Mustasaari"
"1932";"65920";"Mustasaari"
"1933";"65930";"Mustasaari"
"1934";"65970";"Mustasaari"
"1935";"66100";"Maalahti"
"1936";"66140";"Maalahti"
"1937";"66160";"Maalahti"
"1938";"66200";"Korsnäs"
"1939";"66210";"Korsnäs"
"1940";"66220";"Maalahti"
"1941";"66230";"Korsnäs"
"1942";"66240";"Maalahti"
"1943";"66260";"Maalahti"
"1944";"66270";"Närpiö"
"1945";"66280";"Korsnäs"
"1946";"66290";"Korsnäs"
"1947";"66295";"Närpiö"
"1948";"66300";"Kurikka"
"1949";"66320";"Kurikka"
"1950";"66330";"Kurikka"
"1951";"66340";"Kurikka"
"1952";"66350";"Kurikka"
"1953";"66360";"Kurikka"
"1954";"66370";"Kurikka"
"1955";"66400";"Laihia"
"1956";"66420";"Laihia"
"1957";"66430";"Vaasa"
"1958";"66440";"Isokyrö"
"1959";"66450";"Laihia"
"1960";"66460";"Laihia"
"1961";"66470";"Laihia"
"1962";"66500";"Vaasa"
"1963";"66510";"Vaasa"
"1964";"66520";"Mustasaari"
"1965";"66530";"Mustasaari"
"1966";"66540";"Mustasaari"
"1967";"66550";"Mustasaari"
"1968";"66560";"Mustasaari"
"1969";"66580";"Mustasaari"
"1970";"66590";"Mustasaari"
"1971";"66600";"Vöyri"
"1972";"66640";"Vöyri"
"1973";"66660";"Vöyri"
"1974";"66680";"Vöyri"
"1975";"66710";"Vöyri"
"1976";"66730";"Vöyri"
"1977";"66800";"Vöyri"
"1978";"66810";"Vöyri"
"1979";"66820";"Vöyri"
"1980";"66830";"Vöyri"
"1981";"66840";"Uusikaarlepyy"
"1982";"66850";"Uusikaarlepyy"
"1983";"66900";"Uusikaarlepyy"
"1984";"66910";"Uusikaarlepyy"
"1985";"66930";"Uusikaarlepyy"
"1986";"66950";"Uusikaarlepyy"
"1987";"66970";"Uusikaarlepyy"
"1988";"66980";"Uusikaarlepyy"
"1989";"66999";"Mustasaari"
"1990";"67100";"Kokkola"
"1991";"67200";"Kokkola"
"1992";"67300";"Kokkola"
"1993";"67400";"Kokkola"
"1994";"67410";"Kokkola"
"1995";"67500";"Kokkola"
"1996";"67600";"Kokkola"
"1997";"67700";"Kokkola"
"1998";"67800";"Kokkola"
"1999";"67900";"Kokkola"
"2000";"68100";"Kalajoki"
"2001";"68150";"Kalajoki"
"2002";"68210";"Kokkola"
"2003";"68220";"Kokkola"
"2004";"68230";"Kokkola"
"2005";"68240";"Kokkola"
"2006";"68300";"Kokkola"
"2007";"68320";"Kokkola"
"2008";"68370";"Kokkola"
"2009";"68380";"Kokkola"
"2010";"68390";"Kokkola"
"2011";"68410";"Kruunupyy"
"2012";"68500";"Kruunupyy"
"2013";"68530";"Pedersören kunta"
"2014";"68550";"Kokkola"
"2015";"68555";"Luoto"
"2016";"68560";"Luoto"
"2017";"68570";"Luoto"
"2018";"68580";"Luoto"
"2019";"68600";"Pietarsaari"
"2020";"68620";"Pietarsaari"
"2021";"68630";"Pietarsaari"
"2022";"68660";"Pietarsaari"
"2023";"68690";"Pedersören kunta"
"2024";"68700";"Kruunupyy"
"2025";"68750";"Kruunupyy"
"2026";"68800";"Pedersören kunta"
"2027";"68810";"Pedersören kunta"
"2028";"68820";"Pedersören kunta"
"2029";"68830";"Pedersören kunta"
"2030";"68840";"Pedersören kunta"
"2031";"68870";"Pedersören kunta"
"2032";"68910";"Pedersören kunta"
"2033";"68920";"Pedersören kunta"
"2034";"68930";"Pedersören kunta"
"2035";"68940";"Pedersören kunta"
"2036";"68970";"Pedersören kunta"
"2037";"68999";"Kokkola"
"2038";"69100";"Kannus"
"2039";"69150";"Kannus"
"2040";"69170";"Kannus"
"2041";"69300";"Toholampi"
"2042";"69310";"Toholampi"
"2043";"69330";"Toholampi"
"2044";"69340";"Toholampi"
"2045";"69410";"Toholampi"
"2046";"69420";"Lestijärvi"
"2047";"69440";"Lestijärvi"
"2048";"69450";"Lestijärvi"
"2049";"69510";"Halsua"
"2050";"69550";"Halsua"
"2051";"69570";"Halsua"
"2052";"69600";"Kaustinen"
"2053";"69660";"Kaustinen"
"2054";"69700";"Veteli"
"2055";"69730";"Veteli"
"2056";"69750";"Veteli"
"2057";"69820";"Veteli"
"2058";"69830";"Veteli"
"2059";"69850";"Veteli"
"2060";"69910";"Perho"
"2061";"69920";"Perho"
"2062";"69950";"Perho"
"2063";"69970";"Perho"
"2064";"69980";"Perho"
"2065";"70100";"Kuopio"
"2066";"70110";"Kuopio"
"2067";"70150";"Kuopio"
"2068";"70200";"Kuopio"
"2069";"70210";"Kuopio"
"2070";"70240";"Kuopio"
"2071";"70260";"Kuopio"
"2072";"70280";"Kuopio"
"2073";"70300";"Kuopio"
"2074";"70340";"Kuopio"
"2075";"70400";"Kuopio"
"2076";"70420";"Kuopio"
"2077";"70460";"Kuopio"
"2078";"70500";"Kuopio"
"2079";"70600";"Kuopio"
"2080";"70620";"Kuopio"
"2081";"70700";"Kuopio"
"2082";"70780";"Kuopio"
"2083";"70800";"Kuopio"
"2084";"70820";"Kuopio"
"2085";"70840";"Kuopio"
"2086";"70870";"Kuopio"
"2087";"70900";"Siilinjärvi"
"2088";"70910";"Siilinjärvi"
"2089";"70940";"Kuopio"
"2090";"71130";"Kuopio"
"2091";"71150";"Kuopio"
"2092";"71160";"Kuopio"
"2093";"71170";"Tuusniemi"
"2094";"71200";"Tuusniemi"
"2095";"71210";"Tuusniemi"
"2096";"71240";"Tuusniemi"
"2097";"71260";"Tuusniemi"
"2098";"71280";"Tuusniemi"
"2099";"71310";"Kuopio"
"2100";"71330";"Kuopio"
"2101";"71360";"Kuopio"
"2102";"71380";"Kuopio"
"2103";"71460";"Leppävirta"
"2104";"71470";"Leppävirta"
"2105";"71480";"Kuopio"
"2106";"71490";"Kuopio"
"2107";"71520";"Kuopio"
"2108";"71570";"Kuopio"
"2109";"71610";"Kuopio"
"2110";"71640";"Tervo"
"2111";"71650";"Kuopio"
"2112";"71660";"Kuopio"
"2113";"71670";"Kuopio"
"2114";"71680";"Kuopio"
"2115";"71690";"Kuopio"
"2116";"71720";"Kuopio"
"2117";"71730";"Kuopio"
"2118";"71740";"Kuopio"
"2119";"71745";"Kuopio"
"2120";"71750";"Kuopio"
"2121";"71760";"Kuopio"
"2122";"71775";"Kuopio"
"2123";"71800";"Siilinjärvi"
"2124";"71820";"Siilinjärvi"
"2125";"71840";"Siilinjärvi"
"2126";"71850";"Siilinjärvi"
"2127";"71870";"Siilinjärvi"
"2128";"71890";"Siilinjärvi"
"2129";"71910";"Lapinlahti"
"2130";"71920";"Lapinlahti"
"2131";"71950";"Kuopio"
"2132";"71960";"Lapinlahti"
"2133";"72100";"Kuopio"
"2134";"72140";"Kuopio"
"2135";"72210";"Tervo"
"2136";"72220";"Tervo"
"2137";"72300";"Vesanto"
"2138";"72310";"Vesanto"
"2139";"72330";"Vesanto"
"2140";"72350";"Vesanto"
"2141";"72360";"Vesanto"
"2142";"72380";"Vesanto"
"2143";"72400";"Pielavesi"
"2144";"72430";"Pielavesi"
"2145";"72490";"Kuopio"
"2146";"72510";"Pielavesi"
"2147";"72530";"Pielavesi"
"2148";"72550";"Pielavesi"
"2149";"72570";"Pielavesi"
"2150";"72600";"Keitele"
"2151";"72630";"Keitele"
"2152";"72710";"Pielavesi"
"2153";"72740";"Pielavesi"
"2154";"72810";"Pielavesi"
"2155";"72840";"Pielavesi"
"2156";"72930";"Keitele"
"2157";"72950";"Keitele"
"2158";"72980";"Keitele"
"2159";"73100";"Lapinlahti"
"2160";"73110";"Lapinlahti"
"2161";"73120";"Lapinlahti"
"2162";"73200";"Lapinlahti"
"2163";"73230";"Lapinlahti"
"2164";"73250";"Lapinlahti"
"2165";"73300";"Kuopio"
"2166";"73310";"Kuopio"
"2167";"73320";"Kuopio"
"2168";"73350";"Kuopio"
"2169";"73360";"Kuopio"
"2170";"73410";"Kuopio"
"2171";"73460";"Kuopio"
"2172";"73470";"Kuopio"
"2173";"73500";"Kuopio"
"2174";"73600";"Kaavi"
"2175";"73620";"Kaavi"
"2176";"73640";"Kaavi"
"2177";"73645";"Kaavi"
"2178";"73670";"Kaavi"
"2179";"73710";"Kuopio"
"2180";"73730";"Kuopio"
"2181";"73770";"Kuopio"
"2182";"73810";"Kuopio"
"2183";"73830";"Kuopio"
"2184";"73850";"Rautavaara"
"2185";"73860";"Rautavaara"
"2186";"73900";"Rautavaara"
"2187";"73970";"Rautavaara"
"2188";"73990";"Rautavaara"
"2189";"74100";"Iisalmi"
"2190";"74120";"Iisalmi"
"2191";"74130";"Iisalmi"
"2192";"74140";"Iisalmi"
"2193";"74150";"Iisalmi"
"2194";"74160";"Iisalmi"
"2195";"74170";"Iisalmi"
"2196";"74200";"Vieremä"
"2197";"74230";"Vieremä"
"2198";"74240";"Vieremä"
"2199";"74250";"Vieremä"
"2200";"74270";"Vieremä"
"2201";"74300";"Sonkajärvi"
"2202";"74340";"Sonkajärvi"
"2203";"74345";"Sonkajärvi"
"2204";"74360";"Sonkajärvi"
"2205";"74380";"Sonkajärvi"
"2206";"74390";"Sotkamo"
"2207";"74420";"Sonkajärvi"
"2208";"74470";"Lapinlahti"
"2209";"74490";"Sonkajärvi"
"2210";"74510";"Iisalmi"
"2211";"74520";"Iisalmi"
"2212";"74540";"Iisalmi"
"2213";"74550";"Iisalmi"
"2214";"74590";"Vieremä"
"2215";"74595";"Iisalmi"
"2216";"74610";"Kiuruvesi"
"2217";"74630";"Kiuruvesi"
"2218";"74640";"Kiuruvesi"
"2219";"74670";"Kiuruvesi"
"2220";"74680";"Kiuruvesi"
"2221";"74700";"Kiuruvesi"
"2222";"74720";"Kiuruvesi"
"2223";"74740";"Kiuruvesi"
"2224";"74770";"Kiuruvesi"
"2225";"74840";"Kiuruvesi"
"2226";"74940";"Kiuruvesi"
"2227";"74980";"Kiuruvesi"
"2228";"75500";"Nurmes"
"2229";"75530";"Nurmes"
"2230";"75650";"Nurmes"
"2231";"75680";"Rautavaara"
"2232";"75700";"Nurmes"
"2233";"75710";"Nurmes"
"2234";"75740";"Nurmes"
"2235";"75770";"Nurmes"
"2236";"75790";"Nurmes"
"2237";"75840";"Nurmes"
"2238";"75890";"Nurmes"
"2239";"75930";"Nurmes"
"2240";"75940";"Nurmes"
"2241";"75970";"Nurmes"
"2242";"75990";"Nurmes"
"2243";"76100";"Pieksämäki"
"2244";"76120";"Pieksämäki"
"2245";"76130";"Pieksämäki"
"2246";"76150";"Pieksämäki"
"2247";"76280";"Pieksämäki"
"2248";"76620";"Pieksämäki"
"2249";"76780";"Pieksämäki"
"2250";"76850";"Pieksämäki"
"2251";"76940";"Pieksämäki"
"2252";"77110";"Pieksämäki"
"2253";"77120";"Pieksämäki"
"2254";"77140";"Pieksämäki"
"2255";"77220";"Pieksämäki"
"2256";"77240";"Pieksämäki"
"2257";"77320";"Pieksämäki"
"2258";"77330";"Pieksämäki"
"2259";"77350";"Pieksämäki"
"2260";"77380";"Mikkeli"
"2261";"77430";"Pieksämäki"
"2262";"77460";"Joroinen"
"2263";"77480";"Joroinen"
"2264";"77520";"Pieksämäki"
"2265";"77570";"Pieksämäki"
"2266";"77580";"Pieksämäki"
"2267";"77600";"Suonenjoki"
"2268";"77630";"Suonenjoki"
"2269";"77690";"Suonenjoki"
"2270";"77700";"Rautalampi"
"2271";"77770";"Rautalampi"
"2272";"77800";"Suonenjoki"
"2273";"77910";"Rautalampi"
"2274";"77930";"Rautalampi"
"2275";"77960";"Rautalampi"
"2276";"78200";"Varkaus"
"2277";"78210";"Varkaus"
"2278";"78250";"Varkaus"
"2279";"78300";"Varkaus"
"2280";"78310";"Leppävirta"
"2281";"78400";"Varkaus"
"2282";"78480";"Leppävirta"
"2283";"78500";"Varkaus"
"2284";"78610";"Varkaus"
"2285";"78710";"Varkaus"
"2286";"78850";"Joroinen"
"2287";"78870";"Varkaus"
"2288";"78880";"Joroinen"
"2289";"78900";"Varkaus"
"2290";"79100";"Leppävirta"
"2291";"79130";"Leppävirta"
"2292";"79140";"Leppävirta"
"2293";"79150";"Leppävirta"
"2294";"79160";"Leppävirta"
"2295";"79180";"Leppävirta"
"2296";"79190";"Leppävirta"
"2297";"79230";"Leppävirta"
"2298";"79255";"Leppävirta"
"2299";"79265";"Leppävirta"
"2300";"79330";"Leppävirta"
"2301";"79350";"Leppävirta"
"2302";"79410";"Leppävirta"
"2303";"79480";"Varkaus"
"2304";"79520";"Varkaus"
"2305";"79600";"Joroinen"
"2306";"79620";"Joroinen"
"2307";"79630";"Joroinen"
"2308";"79660";"Joroinen"
"2309";"79680";"Joroinen"
"2310";"79690";"Joroinen"
"2311";"79700";"Heinävesi"
"2312";"79810";"Heinävesi"
"2313";"79820";"Heinävesi"
"2314";"79830";"Heinävesi"
"2315";"79850";"Heinävesi"
"2316";"79860";"Heinävesi"
"2317";"79885";"Heinävesi"
"2318";"79895";"Heinävesi"
"2319";"79910";"Heinävesi"
"2320";"79940";"Heinävesi"
"2321";"80100";"Joensuu"
"2322";"80110";"Joensuu"
"2323";"80130";"Joensuu"
"2324";"80140";"Joensuu"
"2325";"80160";"Joensuu"
"2326";"80170";"Joensuu"
"2327";"80200";"Joensuu"
"2328";"80210";"Joensuu"
"2329";"80220";"Joensuu"
"2330";"80230";"Joensuu"
"2331";"80260";"Joensuu"
"2332";"80330";"Joensuu"
"2333";"80400";"Liperi"
"2334";"80510";"Kontiolahti"
"2335";"80710";"Kontiolahti"
"2336";"80770";"Kontiolahti"
"2337";"80780";"Kontiolahti"
"2338";"80790";"Kontiolahti"
"2339";"80850";"Kontiolahti"
"2340";"80910";"Kontiolahti"
"2341";"81100";"Kontiolahti"
"2342";"81120";"Kontiolahti"
"2343";"81160";"Kontiolahti"
"2344";"81200";"Joensuu"
"2345";"81210";"Joensuu"
"2346";"81220";"Kontiolahti"
"2347";"81230";"Kontiolahti"
"2348";"81235";"Kontiolahti"
"2349";"81260";"Joensuu"
"2350";"81270";"Joensuu"
"2351";"81280";"Joensuu"
"2352";"81290";"Joensuu"
"2353";"81295";"Joensuu"
"2354";"81320";"Joensuu"
"2355";"81330";"Joensuu"
"2356";"81350";"Ilomantsi"
"2357";"81360";"Joensuu"
"2358";"81390";"Joensuu"
"2359";"81420";"Ilomantsi"
"2360";"81430";"Ilomantsi"
"2361";"81450";"Ilomantsi"
"2362";"81460";"Ilomantsi"
"2363";"81470";"Ilomantsi"
"2364";"81560";"Lieksa"
"2365";"81570";"Lieksa"
"2366";"81590";"Lieksa"
"2367";"81650";"Lieksa"
"2368";"81660";"Lieksa"
"2369";"81700";"Lieksa"
"2370";"81720";"Lieksa"
"2371";"81750";"Lieksa"
"2372";"81810";"Lieksa"
"2373";"81820";"Lieksa"
"2374";"81850";"Lieksa"
"2375";"81860";"Lieksa"
"2376";"81950";"Lieksa"
"2377";"81970";"Lieksa"
"2378";"82110";"Joensuu"
"2379";"82120";"Joensuu"
"2380";"82140";"Joensuu"
"2381";"82160";"Joensuu"
"2382";"82170";"Joensuu"
"2383";"82180";"Joensuu"
"2384";"82200";"Joensuu"
"2385";"82210";"Joensuu"
"2386";"82220";"Joensuu"
"2387";"82290";"Rääkkylä"
"2388";"82300";"Rääkkylä"
"2389";"82310";"Rääkkylä"
"2390";"82335";"Rääkkylä"
"2391";"82350";"Tohmajärvi"
"2392";"82360";"Tohmajärvi"
"2393";"82380";"Kitee"
"2394";"82395";"Kitee"
"2395";"82430";"Kitee"
"2396";"82460";"Kitee"
"2397";"82490";"Kitee"
"2398";"82500";"Kitee"
"2399";"82510";"Kitee"
"2400";"82580";"Kitee"
"2401";"82590";"Kitee"
"2402";"82600";"Tohmajärvi"
"2403";"82655";"Tohmajärvi"
"2404";"82660";"Tohmajärvi"
"2405";"82670";"Tohmajärvi"
"2406";"82675";"Tohmajärvi"
"2407";"82685";"Tohmajärvi"
"2408";"82710";"Joensuu"
"2409";"82730";"Joensuu"
"2410";"82750";"Joensuu"
"2411";"82760";"Joensuu"
"2412";"82770";"Tohmajärvi"
"2413";"82815";"Joensuu"
"2414";"82820";"Ilomantsi"
"2415";"82830";"Ilomantsi"
"2416";"82840";"Joensuu"
"2417";"82850";"Joensuu"
"2418";"82865";"Joensuu"
"2419";"82870";"Joensuu"
"2420";"82880";"Joensuu"
"2421";"82900";"Ilomantsi"
"2422";"82915";"Ilomantsi"
"2423";"82960";"Ilomantsi"
"2424";"82967";"Ilomantsi"
"2425";"82980";"Ilomantsi"
"2426";"83100";"Liperi"
"2427";"83130";"Liperi"
"2428";"83140";"Liperi"
"2429";"83150";"Liperi"
"2430";"83160";"Liperi"
"2431";"83320";"Liperi"
"2432";"83330";"Liperi"
"2433";"83340";"Liperi"
"2434";"83400";"Liperi"
"2435";"83430";"Liperi"
"2436";"83450";"Liperi"
"2437";"83460";"Liperi"
"2438";"83480";"Liperi"
"2439";"83500";"Outokumpu"
"2440";"83550";"Outokumpu"
"2441";"83630";"Outokumpu"
"2442";"83660";"Outokumpu"
"2443";"83700";"Polvijärvi"
"2444";"83720";"Polvijärvi"
"2445";"83750";"Polvijärvi"
"2446";"83760";"Polvijärvi"
"2447";"83780";"Polvijärvi"
"2448";"83825";"Polvijärvi"
"2449";"83830";"Polvijärvi"
"2450";"83835";"Polvijärvi"
"2451";"83840";"Polvijärvi"
"2452";"83855";"Polvijärvi"
"2453";"83870";"Juuka"
"2454";"83880";"Juuka"
"2455";"83900";"Juuka"
"2456";"83910";"Juuka"
"2457";"83915";"Juuka"
"2458";"83940";"Juuka"
"2459";"83950";"Juuka"
"2460";"83960";"Lieksa"
"2461";"83985";"Juuka"
"2462";"84100";"Ylivieska"
"2463";"84460";"Ylivieska"
"2464";"84540";"Ylivieska"
"2465";"84650";"Ylivieska"
"2466";"84770";"Ylivieska"
"2467";"84880";"Ylivieska"
"2468";"85100";"Kalajoki"
"2469";"85120";"Kalajoki"
"2470";"85140";"Kalajoki"
"2471";"85150";"Kalajoki"
"2472";"85160";"Kalajoki"
"2473";"85180";"Kalajoki"
"2474";"85200";"Alavieska"
"2475";"85210";"Alavieska"
"2476";"85230";"Alavieska"
"2477";"85310";"Sievi"
"2478";"85320";"Sievi"
"2479";"85340";"Sievi"
"2480";"85410";"Sievi"
"2481";"85430";"Sievi"
"2482";"85450";"Sievi"
"2483";"85470";"Sievi"
"2484";"85500";"Nivala"
"2485";"85540";"Nivala"
"2486";"85560";"Nivala"
"2487";"85580";"Nivala"
"2488";"85620";"Nivala"
"2489";"85630";"Nivala"
"2490";"85640";"Nivala"
"2491";"85660";"Nivala"
"2492";"85710";"Haapajärvi"
"2493";"85730";"Haapajärvi"
"2494";"85800";"Haapajärvi"
"2495";"85820";"Haapajärvi"
"2496";"85840";"Haapajärvi"
"2497";"85900";"Reisjärvi"
"2498";"85930";"Reisjärvi"
"2499";"85940";"Reisjärvi"
"2500";"85980";"Reisjärvi"
"2501";"86100";"Pyhäjoki"
"2502";"86110";"Pyhäjoki"
"2503";"86160";"Pyhäjoki"
"2504";"86170";"Pyhäjoki"
"2505";"86210";"Oulainen"
"2506";"86220";"Merijärvi"
"2507";"86230";"Merijärvi"
"2508";"86240";"Merijärvi"
"2509";"86300";"Oulainen"
"2510";"86350";"Oulainen"
"2511";"86360";"Raahe"
"2512";"86400";"Raahe"
"2513";"86440";"Raahe"
"2514";"86460";"Raahe"
"2515";"86470";"Raahe"
"2516";"86480";"Haapavesi"
"2517";"86510";"Oulainen"
"2518";"86530";"Haapavesi"
"2519";"86550";"Haapavesi"
"2520";"86600";"Haapavesi"
"2521";"86650";"Haapavesi"
"2522";"86680";"Haapavesi"
"2523";"86690";"Haapavesi"
"2524";"86710";"Kärsämäki"
"2525";"86790";"Kärsämäki"
"2526";"86800";"Pyhäjärvi"
"2527";"86810";"Pyhäjärvi"
"2528";"86850";"Pyhäjärvi"
"2529";"86870";"Pyhäjärvi"
"2530";"86900";"Pyhäjärvi"
"2531";"86980";"Pyhäjärvi"
"2532";"87100";"Kajaani"
"2533";"87150";"Kajaani"
"2534";"87200";"Kajaani"
"2535";"87250";"Kajaani"
"2536";"87300";"Kajaani"
"2537";"87400";"Kajaani"
"2538";"87500";"Kajaani"
"2539";"87700";"Kajaani"
"2540";"87800";"Kajaani"
"2541";"87830";"Kajaani"
"2542";"87850";"Kajaani"
"2543";"87900";"Kajaani"
"2544";"87910";"Kajaani"
"2545";"87930";"Kajaani"
"2546";"87950";"Kajaani"
"2547";"87970";"Kajaani"
"2548";"88120";"Sotkamo"
"2549";"88200";"Kajaani"
"2550";"88270";"Kajaani"
"2551";"88300";"Paltamo"
"2552";"88310";"Paltamo"
"2553";"88340";"Vaala"
"2554";"88350";"Paltamo"
"2555";"88380";"Paltamo"
"2556";"88400";"Ristijärvi"
"2557";"88440";"Ristijärvi"
"2558";"88460";"Ristijärvi"
"2559";"88470";"Paltamo"
"2560";"88490";"Sotkamo"
"2561";"88530";"Sotkamo"
"2562";"88600";"Sotkamo"
"2563";"88610";"Sotkamo"
"2564";"88615";"Sotkamo"
"2565";"88620";"Sotkamo"
"2566";"88640";"Sotkamo"
"2567";"88670";"Sotkamo"
"2568";"88690";"Sotkamo"
"2569";"88730";"Kuhmo"
"2570";"88740";"Kuhmo"
"2571";"88760";"Kuhmo"
"2572";"88820";"Kuhmo"
"2573";"88900";"Kuhmo"
"2574";"88930";"Kuhmo"
"2575";"88940";"Kuhmo"
"2576";"89110";"Puolanka"
"2577";"89140";"Puolanka"
"2578";"89200";"Puolanka"
"2579";"89210";"Puolanka"
"2580";"89320";"Puolanka"
"2581";"89330";"Puolanka"
"2582";"89400";"Hyrynsalmi"
"2583";"89430";"Hyrynsalmi"
"2584";"89440";"Suomussalmi"
"2585";"89540";"Hyrynsalmi"
"2586";"89560";"Hyrynsalmi"
"2587";"89600";"Suomussalmi"
"2588";"89610";"Suomussalmi"
"2589";"89640";"Suomussalmi"
"2590";"89660";"Suomussalmi"
"2591";"89670";"Suomussalmi"
"2592";"89680";"Suomussalmi"
"2593";"89730";"Suomussalmi"
"2594";"89740";"Suomussalmi"
"2595";"89760";"Suomussalmi"
"2596";"89770";"Suomussalmi"
"2597";"89780";"Suomussalmi"
"2598";"89800";"Suomussalmi"
"2599";"89830";"Suomussalmi"
"2600";"89840";"Suomussalmi"
"2601";"89920";"Suomussalmi"
"2602";"90100";"Oulu"
"2603";"90120";"Oulu"
"2604";"90130";"Oulu"
"2605";"90140";"Oulu"
"2606";"90150";"Oulu"
"2607";"90220";"Oulu"
"2608";"90230";"Oulu"
"2609";"90240";"Oulu"
"2610";"90250";"Oulu"
"2611";"90310";"Oulu"
"2612";"90400";"Oulu"
"2613";"90410";"Oulu"
"2614";"90420";"Oulu"
"2615";"90440";"Kempele"
"2616";"90450";"Kempele"
"2617";"90460";"Oulu"
"2618";"90470";"Oulu"
"2619";"90480";"Hailuoto"
"2620";"90500";"Oulu"
"2621";"90510";"Oulu"
"2622";"90520";"Oulu"
"2623";"90530";"Oulu"
"2624";"90540";"Oulu"
"2625";"90550";"Oulu"
"2626";"90560";"Oulu"
"2627";"90570";"Oulu"
"2628";"90580";"Oulu"
"2629";"90590";"Oulu"
"2630";"90620";"Oulu"
"2631";"90630";"Oulu"
"2632";"90650";"Oulu"
"2633";"90660";"Oulu"
"2634";"90670";"Oulu"
"2635";"90800";"Oulu"
"2636";"90810";"Oulu"
"2637";"90820";"Oulu"
"2638";"90830";"Oulu"
"2639";"90840";"Oulu"
"2640";"90850";"Oulu"
"2641";"90860";"Oulu"
"2642";"90900";"Oulu"
"2643";"90910";"Oulu"
"2644";"90940";"Oulu"
"2645";"91100";"Ii"
"2646";"91110";"Ii"
"2647";"91140";"Ii"
"2648";"91150";"Ii"
"2649";"91200";"Oulu"
"2650";"91210";"Ii"
"2651";"91240";"Oulu"
"2652";"91260";"Oulu"
"2653";"91300";"Oulu"
"2654";"91310";"Oulu"
"2655";"91410";"Muhos"
"2656";"91430";"Muhos"
"2657";"91500";"Muhos"
"2658";"91510";"Muhos"
"2659";"91560";"Muhos"
"2660";"91600";"Utajärvi"
"2661";"91620";"Utajärvi"
"2662";"91630";"Utajärvi"
"2663";"91640";"Utajärvi"
"2664";"91660";"Utajärvi"
"2665";"91670";"Utajärvi"
"2666";"91700";"Vaala"
"2667";"91710";"Vaala"
"2668";"91720";"Vaala"
"2669";"91730";"Vaala"
"2670";"91740";"Vaala"
"2671";"91750";"Vaala"
"2672";"91760";"Vaala"
"2673";"91780";"Vaala"
"2674";"91790";"Vaala"
"2675";"91800";"Tyrnävä"
"2676";"91900";"Liminka"
"2677";"91910";"Liminka"
"2678";"91930";"Liminka"
"2679";"91950";"Liminka"
"2680";"91980";"Lumijoki"
"2681";"92100";"Raahe"
"2682";"92120";"Raahe"
"2683";"92130";"Raahe"
"2684";"92140";"Raahe"
"2685";"92150";"Raahe"
"2686";"92160";"Raahe"
"2687";"92180";"Raahe"
"2688";"92210";"Raahe"
"2689";"92220";"Raahe"
"2690";"92230";"Raahe"
"2691";"92240";"Raahe"
"2692";"92260";"Raahe"
"2693";"92320";"Siikajoki"
"2694";"92330";"Siikajoki"
"2695";"92350";"Siikajoki"
"2696";"92400";"Siikajoki"
"2697";"92430";"Siikajoki"
"2698";"92440";"Siikajoki"
"2699";"92450";"Siikajoki"
"2700";"92470";"Siikajoki"
"2701";"92500";"Siikalatva"
"2702";"92520";"Siikalatva"
"2703";"92530";"Siikalatva"
"2704";"92600";"Siikalatva"
"2705";"92610";"Siikalatva"
"2706";"92620";"Siikalatva"
"2707";"92640";"Siikalatva"
"2708";"92650";"Siikalatva"
"2709";"92700";"Siikalatva"
"2710";"92810";"Vaala"
"2711";"92830";"Vaala"
"2712";"92910";"Pyhäntä"
"2713";"92920";"Pyhäntä"
"2714";"92930";"Pyhäntä"
"2715";"93100";"Pudasjärvi"
"2716";"93140";"Pudasjärvi"
"2717";"93160";"Pudasjärvi"
"2718";"93170";"Pudasjärvi"
"2719";"93180";"Pudasjärvi"
"2720";"93187";"Pudasjärvi"
"2721";"93190";"Pudasjärvi"
"2722";"93195";"Pudasjärvi"
"2723";"93220";"Pudasjärvi"
"2724";"93225";"Pudasjärvi"
"2725";"93240";"Pudasjärvi"
"2726";"93250";"Pudasjärvi"
"2727";"93270";"Pudasjärvi"
"2728";"93277";"Pudasjärvi"
"2729";"93280";"Pudasjärvi"
"2730";"93290";"Pudasjärvi"
"2731";"93350";"Pudasjärvi"
"2732";"93390";"Pudasjärvi"
"2733";"93400";"Taivalkoski"
"2734";"93420";"Taivalkoski"
"2735";"93440";"Taivalkoski"
"2736";"93470";"Taivalkoski"
"2737";"93540";"Taivalkoski"
"2738";"93590";"Taivalkoski"
"2739";"93600";"Kuusamo"
"2740";"93700";"Kuusamo"
"2741";"93800";"Kuusamo"
"2742";"93830";"Kuusamo"
"2743";"93900";"Kuusamo"
"2744";"93999";"Kuusamo"
"2745";"94100";"Kemi"
"2746";"94200";"Kemi"
"2747";"94300";"Kemi"
"2748";"94400";"Keminmaa"
"2749";"94430";"Tornio"
"2750";"94450";"Keminmaa"
"2751";"94460";"Tornio"
"2752";"94500";"Keminmaa"
"2753";"94600";"Kemi"
"2754";"94700";"Kemi"
"2755";"94720";"Kemi"
"2756";"94800";"Kemi"
"2757";"94830";"Kemi"
"2758";"94900";"Kemi"
"2759";"95100";"Ii"
"2760";"95110";"Ii"
"2761";"95130";"Ii"
"2762";"95160";"Ii"
"2763";"95200";"Simo"
"2764";"95210";"Simo"
"2765";"95220";"Simo"
"2766";"95225";"Simo"
"2767";"95230";"Simo"
"2768";"95255";"Simo"
"2769";"95260";"Simo"
"2770";"95270";"Simo"
"2771";"95300";"Tervola"
"2772";"95310";"Keminmaa"
"2773";"95315";"Keminmaa"
"2774";"95325";"Tervola"
"2775";"95330";"Tervola"
"2776";"95340";"Tervola"
"2777";"95350";"Tervola"
"2778";"95355";"Tervola"
"2779";"95365";"Keminmaa"
"2780";"95370";"Keminmaa"
"2781";"95375";"Tervola"
"2782";"95400";"Tornio"
"2783";"95410";"Tornio"
"2784";"95420";"Tornio"
"2785";"95430";"Tornio"
"2786";"95440";"Tornio"
"2787";"95450";"Tornio"
"2788";"95460";"Tornio"
"2789";"95470";"Tornio"
"2790";"95490";"Tornio"
"2791";"95500";"Tornio"
"2792";"95520";"Tornio"
"2793";"95530";"Tornio"
"2794";"95540";"Tornio"
"2795";"95560";"Tornio"
"2796";"95590";"Tornio"
"2797";"95600";"Ylitornio"
"2798";"95610";"Ylitornio"
"2799";"95615";"Ylitornio"
"2800";"95620";"Ylitornio"
"2801";"95630";"Ylitornio"
"2802";"95635";"Ylitornio"
"2803";"95640";"Pello"
"2804";"95645";"Pello"
"2805";"95655";"Ylitornio"
"2806";"95660";"Ylitornio"
"2807";"95670";"Ylitornio"
"2808";"95675";"Ylitornio"
"2809";"95680";"Ylitornio"
"2810";"95690";"Ylitornio"
"2811";"95700";"Pello"
"2812";"95710";"Pello"
"2813";"95720";"Pello"
"2814";"95750";"Pello"
"2815";"95760";"Pello"
"2816";"95770";"Pello"
"2817";"95780";"Pello"
"2818";"95790";"Pello"
"2819";"95800";"Kolari"
"2820";"95830";"Kolari"
"2821";"95840";"Kolari"
"2822";"95850";"Kolari"
"2823";"95860";"Kolari"
"2824";"95900";"Kolari"
"2825";"95920";"Kolari"
"2826";"95930";"Kolari"
"2827";"95940";"Muonio"
"2828";"95950";"Muonio"
"2829";"95970";"Muonio"
"2830";"95980";"Kolari"
"2831";"95990";"Kolari"
"2832";"96100";"Rovaniemi"
"2833";"96190";"Rovaniemi"
"2834";"96200";"Rovaniemi"
"2835";"96300";"Rovaniemi"
"2836";"96320";"Rovaniemi"
"2837";"96400";"Rovaniemi"
"2838";"96440";"Rovaniemi"
"2839";"96460";"Rovaniemi"
"2840";"96500";"Rovaniemi"
"2841";"96600";"Rovaniemi"
"2842";"96700";"Rovaniemi"
"2843";"96800";"Rovaniemi"
"2844";"96900";"Rovaniemi"
"2845";"96910";"Rovaniemi"
"2846";"96930";"Rovaniemi"
"2847";"96960";"Rovaniemi"
"2848";"97110";"Rovaniemi"
"2849";"97130";"Rovaniemi"
"2850";"97140";"Rovaniemi"
"2851";"97145";"Rovaniemi"
"2852";"97160";"Rovaniemi"
"2853";"97170";"Rovaniemi"
"2854";"97220";"Rovaniemi"
"2855";"97240";"Rovaniemi"
"2856";"97250";"Ylitornio"
"2857";"97280";"Rovaniemi"
"2858";"97290";"Rovaniemi"
"2859";"97310";"Rovaniemi"
"2860";"97320";"Rovaniemi"
"2861";"97330";"Pello"
"2862";"97335";"Pello"
"2863";"97340";"Rovaniemi"
"2864";"97370";"Sodankylä"
"2865";"97380";"Sodankylä"
"2866";"97390";"Sodankylä"
"2867";"97420";"Kittilä"
"2868";"97430";"Kolari"
"2869";"97470";"Kittilä"
"2870";"97510";"Rovaniemi"
"2871";"97520";"Rovaniemi"
"2872";"97530";"Rovaniemi"
"2873";"97540";"Rovaniemi"
"2874";"97580";"Rovaniemi"
"2875";"97590";"Kemijärvi"
"2876";"97610";"Rovaniemi"
"2877";"97615";"Rovaniemi"
"2878";"97620";"Rovaniemi"
"2879";"97625";"Rovaniemi"
"2880";"97630";"Rovaniemi"
"2881";"97635";"Rovaniemi"
"2882";"97645";"Kemijärvi"
"2883";"97650";"Rovaniemi"
"2884";"97655";"Rovaniemi"
"2885";"97665";"Ranua"
"2886";"97670";"Rovaniemi"
"2887";"97675";"Rovaniemi"
"2888";"97680";"Rovaniemi"
"2889";"97685";"Rovaniemi"
"2890";"97690";"Rovaniemi"
"2891";"97700";"Ranua"
"2892";"97715";"Ranua"
"2893";"97720";"Ranua"
"2894";"97760";"Ranua"
"2895";"97765";"Ranua"
"2896";"97780";"Ranua"
"2897";"97785";"Ranua"
"2898";"97810";"Posio"
"2899";"97815";"Posio"
"2900";"97820";"Posio"
"2901";"97840";"Posio"
"2902";"97850";"Posio"
"2903";"97870";"Posio"
"2904";"97880";"Posio"
"2905";"97890";"Posio"
"2906";"97895";"Posio"
"2907";"97900";"Posio"
"2908";"97920";"Posio"
"2909";"97925";"Posio"
"2910";"97940";"Posio"
"2911";"97950";"Posio"
"2912";"97960";"Posio"
"2913";"97965";"Posio"
"2914";"97970";"Posio"
"2915";"97980";"Posio"
"2916";"97999";"Kittilä"
"2917";"98100";"Kemijärvi"
"2918";"98120";"Kemijärvi"
"2919";"98230";"Kemijärvi"
"2920";"98310";"Kemijärvi"
"2921";"98350";"Kemijärvi"
"2922";"98360";"Kemijärvi"
"2923";"98400";"Kemijärvi"
"2924";"98420";"Kemijärvi"
"2925";"98440";"Kemijärvi"
"2926";"98450";"Kemijärvi"
"2927";"98500";"Pelkosenniemi"
"2928";"98510";"Pelkosenniemi"
"2929";"98530";"Pelkosenniemi"
"2930";"98550";"Pelkosenniemi"
"2931";"98560";"Pelkosenniemi"
"2932";"98570";"Pelkosenniemi"
"2933";"98580";"Pelkosenniemi"
"2934";"98600";"Salla"
"2935";"98620";"Salla"
"2936";"98630";"Pelkosenniemi"
"2937";"98660";"Salla"
"2938";"98710";"Kemijärvi"
"2939";"98720";"Kemijärvi"
"2940";"98760";"Salla"
"2941";"98770";"Salla"
"2942";"98780";"Posio"
"2943";"98790";"Salla"
"2944";"98800";"Savukoski"
"2945";"98810";"Savukoski"
"2946";"98820";"Savukoski"
"2947";"98830";"Savukoski"
"2948";"98840";"Savukoski"
"2949";"98850";"Savukoski"
"2950";"98900";"Salla"
"2951";"98920";"Salla"
"2952";"98930";"Salla"
"2953";"98950";"Salla"
"2954";"98960";"Salla"
"2955";"98970";"Salla"
"2956";"98980";"Salla"
"2957";"98995";"Salla"
"2958";"99100";"Kittilä"
"2959";"99110";"Kittilä"
"2960";"99120";"Kittilä"
"2961";"99130";"Kittilä"
"2962";"99135";"Kittilä"
"2963";"99140";"Kittilä"
"2964";"99150";"Kittilä"
"2965";"99160";"Kittilä"
"2966";"99170";"Kittilä"
"2967";"99180";"Kittilä"
"2968";"99190";"Kittilä"
"2969";"99195";"Kittilä"
"2970";"99230";"Kittilä"
"2971";"99240";"Kittilä"
"2972";"99250";"Kittilä"
"2973";"99270";"Kittilä"
"2974";"99280";"Kittilä"
"2975";"99290";"Kittilä"
"2976";"99300";"Muonio"
"2977";"99310";"Muonio"
"2978";"99320";"Muonio"
"2979";"99330";"Muonio"
"2980";"99340";"Kittilä"
"2981";"99360";"Muonio"
"2982";"99400";"Enontekiö"
"2983";"99410";"Enontekiö"
"2984";"99420";"Enontekiö"
"2985";"99430";"Enontekiö"
"2986";"99440";"Enontekiö"
"2987";"99450";"Enontekiö"
"2988";"99460";"Enontekiö"
"2989";"99470";"Enontekiö"
"2990";"99490";"Enontekiö"
"2991";"99510";"Sodankylä"
"2992";"99520";"Sodankylä"
"2993";"99530";"Sodankylä"
"2994";"99540";"Sodankylä"
"2995";"99550";"Sodankylä"
"2996";"99555";"Sodankylä"
"2997";"99560";"Sodankylä"
"2998";"99600";"Sodankylä"
"2999";"99610";"Sodankylä"
"3000";"99620";"Sodankylä"
"3001";"99640";"Savukoski"
"3002";"99645";"Sodankylä"
"3003";"99650";"Sodankylä"
"3004";"99655";"Sodankylä"
"3005";"99660";"Sodankylä"
"3006";"99665";"Sodankylä"
"3007";"99670";"Sodankylä"
"3008";"99690";"Sodankylä"
"3009";"99695";"Sodankylä"
"3010";"99710";"Sodankylä"
"3011";"99720";"Sodankylä"
"3012";"99740";"Sodankylä"
"3013";"99750";"Sodankylä"
"3014";"99760";"Sodankylä"
"3015";"99770";"Sodankylä"
"3016";"99800";"Inari"
"3017";"99830";"Inari"
"3018";"99860";"Inari"
"3019";"99870";"Inari"
"3020";"99885";"Inari"
"3021";"99910";"Inari"
"3022";"99930";"Inari"
"3023";"99940";"Inari"
"3024";"99950";"Utsjoki"
"3025";"99980";"Utsjoki"
"3026";"99990";"Utsjoki"
